date,date_units,latitude,longitude,generationtime_ms,utc_offset_seconds,timezone,timezone_abbreviation,elevation,weather_code,weather_code_units,temperature_2m_max,temperature_2m_max_units,temperature_2m_min,temperature_2m_min_units,apparent_temperature_max,apparent_temperature_max_units,apparent_temperature_min,apparent_temperature_min_units,sunrise,sunrise_units,sunset,sunset_units,daylight_duration,daylight_duration_units,sunshine_duration,sunshine_duration_units,uv_index_max,uv_index_max_units,uv_index_clear_sky_max,uv_index_clear_sky_max_units,rain_sum,rain_sum_units,showers_sum,showers_sum_units,snowfall_sum,snowfall_sum_units,precipitation_sum,precipitation_sum_units,precipitation_hours,precipitation_hours_units,precipitation_probability_max,precipitation_probability_max_units,wind_speed_10m_max,wind_speed_10m_max_units,wind_gusts_10m_max,wind_gusts_10m_max_units,wind_direction_10m_dominant,wind_direction_10m_dominant_units,shortwave_radiation_sum,shortwave_radiation_sum_units,et0_fao_evapotranspiration,et0_fao_evapotranspiration_units
2025-05-20,iso8601,16.25,95.375,1.987457275390625,0,GMT,GMT,6.0,80,wmo code,32.8,°C,26.5,°C,38.9,°C,33.3,°C,2025-05-19T23:06,iso8601,2025-05-20T12:03,iso8601,46584.74,s,33789.54,s,8.5,,9.1,,0.0,mm,2.1,mm,0.0,cm,2.1,mm,6.0,h,65,%,12.8,km/h,25.2,km/h,172,°,18.8,MJ/m²,4.14,mm
2025-05-21,iso8601,16.25,95.375,1.987457275390625,0,GMT,GMT,6.0,95,wmo code,33.0,°C,26.5,°C,39.9,°C,33.4,°C,2025-05-20T23:06,iso8601,2025-05-21T12:03,iso8601,46618.01,s,35454.55,s,8.55,,9.05,,0.0,mm,4.1,mm,0.0,cm,4.1,mm,7.0,h,60,%,12.8,km/h,25.9,km/h,180,°,19.8,MJ/m²,4.31,mm
2025-05-22,iso8601,16.25,95.375,1.987457275390625,0,GMT,GMT,6.0,96,wmo code,33.4,°C,26.7,°C,41.0,°C,33.8,°C,2025-05-21T23:06,iso8601,2025-05-22T12:03,iso8601,46650.35,s,31930.76,s,5.4,,9.1,,0.0,mm,5.6,mm,0.0,cm,5.6,mm,8.0,h,78,%,13.0,km/h,25.9,km/h,221,°,19.72,MJ/m²,4.26,mm
2025-05-23,iso8601,16.25,95.375,1.987457275390625,0,GMT,GMT,6.0,80,wmo code,33.2,°C,26.6,°C,41.0,°C,33.6,°C,2025-05-22T23:06,iso8601,2025-05-23T12:04,iso8601,46681.71,s,30611.69,s,7.3,,9.1,,0.0,mm,11.7,mm,0.0,cm,11.7,mm,15.0,h,88,%,11.4,km/h,26.3,km/h,194,°,18.53,MJ/m²,3.97,mm
2025-05-24,iso8601,16.25,95.375,1.987457275390625,0,GMT,GMT,6.0,95,wmo code,32.6,°C,26.7,°C,39.8,°C,33.8,°C,2025-05-23T23:06,iso8601,2025-05-24T12:04,iso8601,46712.05,s,35085.88,s,7.8,,9.1,,0.0,mm,13.5,mm,0.0,cm,13.5,mm,12.0,h,93,%,13.5,km/h,25.6,km/h,163,°,17.45,MJ/m²,3.79,mm
2025-05-25,iso8601,16.25,95.375,1.987457275390625,0,GMT,GMT,6.0,95,wmo code,31.2,°C,26.5,°C,38.1,°C,32.4,°C,2025-05-24T23:06,iso8601,2025-05-25T12:04,iso8601,46741.31,s,33497.6,s,1.8,,8.6,,0.2,mm,20.7,mm,0.0,cm,20.9,mm,23.0,h,95,%,11.2,km/h,23.8,km/h,182,°,13.4,MJ/m²,2.82,mm
2025-05-26,iso8601,16.25,95.375,1.987457275390625,0,GMT,GMT,6.0,80,wmo code,30.0,°C,25.8,°C,34.2,°C,31.7,°C,2025-05-25T23:05,iso8601,2025-05-26T12:05,iso8601,46769.47,s,19722.82,s,2.5,,8.6,,1.0,mm,5.7,mm,0.0,cm,7.0,mm,10.0,h,93,%,15.3,km/h,33.5,km/h,181,°,12.31,MJ/m²,2.62,mm
2025-05-20,iso8601,17.25,95.625,0.21123886108398438,0,GMT,GMT,4.0,45,wmo code,34.2,°C,26.6,°C,40.5,°C,33.6,°C,2025-05-19T23:04,iso8601,2025-05-20T12:03,iso8601,46780.15,s,39431.6,s,9.1,,9.1,,0.0,mm,0.1,mm,0.0,cm,0.1,mm,1.0,h,43,%,10.5,km/h,21.2,km/h,182,°,20.44,MJ/m²,4.56,mm
2025-05-21,iso8601,17.25,95.625,0.21123886108398438,0,GMT,GMT,4.0,95,wmo code,34.3,°C,26.6,°C,41.5,°C,33.6,°C,2025-05-20T23:04,iso8601,2025-05-21T12:04,iso8601,46815.6,s,37975.86,s,7.95,,9.1,,0.0,mm,6.4,mm,0.0,cm,6.4,mm,7.0,h,65,%,10.9,km/h,23.8,km/h,188,°,21.67,MJ/m²,4.8,mm
2025-05-22,iso8601,17.25,95.625,0.21123886108398438,0,GMT,GMT,4.0,95,wmo code,34.6,°C,26.9,°C,42.0,°C,34.0,°C,2025-05-21T23:03,iso8601,2025-05-22T12:04,iso8601,46850.05,s,42132.62,s,9.1,,9.1,,0.0,mm,2.5,mm,0.0,cm,2.5,mm,4.0,h,73,%,10.4,km/h,22.3,km/h,215,°,22.4,MJ/m²,4.9,mm
2025-05-23,iso8601,17.25,95.625,0.21123886108398438,0,GMT,GMT,4.0,96,wmo code,34.0,°C,26.8,°C,41.8,°C,34.1,°C,2025-05-22T23:03,iso8601,2025-05-23T12:04,iso8601,46883.45,s,36916.72,s,8.45,,9.1,,0.0,mm,7.2,mm,0.0,cm,7.2,mm,9.0,h,75,%,13.6,km/h,27.7,km/h,194,°,20.77,MJ/m²,4.47,mm
2025-05-24,iso8601,17.25,95.625,0.21123886108398438,0,GMT,GMT,4.0,95,wmo code,34.0,°C,26.7,°C,41.1,°C,33.7,°C,2025-05-23T23:03,iso8601,2025-05-24T12:05,iso8601,46915.77,s,39875.19,s,8.1,,9.1,,0.0,mm,10.2,mm,0.0,cm,10.2,mm,9.0,h,86,%,15.1,km/h,30.6,km/h,159,°,20.47,MJ/m²,4.44,mm
2025-05-25,iso8601,17.25,95.625,0.21123886108398438,0,GMT,GMT,4.0,96,wmo code,32.1,°C,26.3,°C,39.2,°C,32.6,°C,2025-05-24T23:03,iso8601,2025-05-25T12:05,iso8601,46946.94,s,33621.32,s,7.45,,8.6,,0.3,mm,15.1,mm,0.0,cm,15.4,mm,20.0,h,93,%,9.4,km/h,24.5,km/h,149,°,15.67,MJ/m²,3.32,mm
2025-05-26,iso8601,17.25,95.625,0.21123886108398438,0,GMT,GMT,4.0,80,wmo code,30.7,°C,25.7,°C,35.2,°C,30.9,°C,2025-05-25T23:03,iso8601,2025-05-26T12:05,iso8601,46976.94,s,15842.33,s,5.7,,8.65,,0.3,mm,6.6,mm,0.0,cm,6.9,mm,12.0,h,88,%,12.9,km/h,29.5,km/h,160,°,11.83,MJ/m²,2.73,mm
2025-05-20,iso8601,16.375,95.875,0.9964704513549805,0,GMT,GMT,3.0,45,wmo code,32.3,°C,26.4,°C,38.5,°C,33.4,°C,2025-05-19T23:04,iso8601,2025-05-20T12:01,iso8601,46609.04,s,35796.37,s,8.3,,9.1,,0.0,mm,0.0,mm,0.0,cm,0.0,mm,0.0,h,40,%,13.5,km/h,26.6,km/h,173,°,20.53,MJ/m²,4.39,mm
2025-05-21,iso8601,16.375,95.875,0.9964704513549805,0,GMT,GMT,3.0,95,wmo code,32.2,°C,26.5,°C,39.3,°C,33.6,°C,2025-05-20T23:04,iso8601,2025-05-21T12:01,iso8601,46642.58,s,40169.93,s,7.1,,9.1,,0.0,mm,2.2,mm,0.0,cm,2.2,mm,6.0,h,53,%,12.8,km/h,25.6,km/h,180,°,21.46,MJ/m²,4.55,mm
2025-05-22,iso8601,16.375,95.875,0.9964704513549805,0,GMT,GMT,3.0,96,wmo code,33.0,°C,26.5,°C,41.3,°C,33.6,°C,2025-05-21T23:04,iso8601,2025-05-22T12:02,iso8601,46675.18,s,32021.65,s,6.8,,9.1,,0.0,mm,7.7,mm,0.0,cm,7.7,mm,11.0,h,73,%,12.4,km/h,25.9,km/h,198,°,19.43,MJ/m²,4.13,mm
2025-05-23,iso8601,16.375,95.875,0.9964704513549805,0,GMT,GMT,3.0,95,wmo code,32.4,°C,26.7,°C,39.2,°C,34.0,°C,2025-05-22T23:04,iso8601,2025-05-23T12:02,iso8601,46706.79,s,42944.26,s,8.5,,9.1,,0.0,mm,6.9,mm,0.0,cm,6.9,mm,15.0,h,90,%,13.3,km/h,29.2,km/h,191,°,20.27,MJ/m²,4.25,mm
2025-05-24,iso8601,16.375,95.875,0.9964704513549805,0,GMT,GMT,3.0,80,wmo code,31.8,°C,26.7,°C,38.4,°C,33.9,°C,2025-05-23T23:03,iso8601,2025-05-24T12:02,iso8601,46737.38,s,39733.48,s,8.0,,9.1,,0.0,mm,5.7,mm,0.0,cm,5.7,mm,11.0,h,85,%,14.6,km/h,27.4,km/h,160,°,19.68,MJ/m²,4.09,mm
2025-05-25,iso8601,16.375,95.875,0.9964704513549805,0,GMT,GMT,3.0,95,wmo code,30.2,°C,26.1,°C,37.0,°C,32.0,°C,2025-05-24T23:03,iso8601,2025-05-25T12:03,iso8601,46766.88,s,35869.68,s,2.55,,8.6,,1.2,mm,14.9,mm,0.0,cm,16.1,mm,21.0,h,94,%,9.2,km/h,22.3,km/h,172,°,15.06,MJ/m²,3.09,mm
2025-05-26,iso8601,16.375,95.875,0.9964704513549805,0,GMT,GMT,3.0,95,wmo code,30.7,°C,25.9,°C,34.9,°C,30.6,°C,2025-05-25T23:03,iso8601,2025-05-26T12:03,iso8601,46795.27,s,9226.15,s,3.6,,8.65,,1.8,mm,8.8,mm,0.0,cm,10.9,mm,16.0,h,90,%,13.2,km/h,25.9,km/h,182,°,11.65,MJ/m²,2.56,mm
2025-05-20,iso8601,16.875,95.125,0.21505355834960938,0,GMT,GMT,7.0,80,wmo code,34.2,°C,26.0,°C,40.4,°C,32.6,°C,2025-05-19T23:06,iso8601,2025-05-20T12:05,iso8601,46706.59,s,40229.23,s,8.9,,9.15,,0.0,mm,2.0,mm,0.0,cm,2.0,mm,6.0,h,58,%,12.3,km/h,25.9,km/h,182,°,21.59,MJ/m²,4.77,mm
2025-05-21,iso8601,16.875,95.125,0.21505355834960938,0,GMT,GMT,7.0,96,wmo code,34.6,°C,26.0,°C,41.1,°C,32.7,°C,2025-05-20T23:06,iso8601,2025-05-21T12:05,iso8601,46741.22,s,30438.28,s,9.05,,9.1,,0.0,mm,11.8,mm,0.0,cm,11.8,mm,8.0,h,70,%,13.0,km/h,28.4,km/h,183,°,20.18,MJ/m²,4.46,mm
2025-05-22,iso8601,16.875,95.125,0.21505355834960938,0,GMT,GMT,7.0,95,wmo code,34.1,°C,26.1,°C,41.5,°C,33.0,°C,2025-05-21T23:06,iso8601,2025-05-22T12:05,iso8601,46774.88,s,39618.94,s,8.6,,9.1,,0.0,mm,6.6,mm,0.0,cm,6.6,mm,7.0,h,75,%,13.4,km/h,27.7,km/h,223,°,21.81,MJ/m²,4.65,mm
2025-05-23,iso8601,16.875,95.125,0.21505355834960938,0,GMT,GMT,7.0,96,wmo code,33.5,°C,26.2,°C,41.4,°C,33.0,°C,2025-05-22T23:06,iso8601,2025-05-23T12:06,iso8601,46807.51,s,37139.89,s,8.0,,9.1,,0.0,mm,7.8,mm,0.0,cm,7.8,mm,6.0,h,90,%,13.2,km/h,31.3,km/h,198,°,19.58,MJ/m²,4.17,mm
2025-05-24,iso8601,16.875,95.125,0.21505355834960938,0,GMT,GMT,7.0,96,wmo code,34.2,°C,26.3,°C,41.2,°C,33.2,°C,2025-05-23T23:06,iso8601,2025-05-24T12:06,iso8601,46839.08,s,41031.62,s,6.75,,9.15,,0.0,mm,12.8,mm,0.0,cm,12.8,mm,11.0,h,88,%,13.4,km/h,29.5,km/h,167,°,20.38,MJ/m²,4.39,mm
2025-05-25,iso8601,16.875,95.125,0.21505355834960938,0,GMT,GMT,7.0,95,wmo code,31.1,°C,26.1,°C,38.0,°C,32.5,°C,2025-05-24T23:05,iso8601,2025-05-25T12:06,iso8601,46869.54,s,24448.12,s,4.95,,8.65,,0.0,mm,21.8,mm,0.0,cm,21.8,mm,24.0,h,95,%,9.8,km/h,22.3,km/h,162,°,12.94,MJ/m²,2.76,mm
2025-05-26,iso8601,16.875,95.125,0.21505355834960938,0,GMT,GMT,7.0,80,wmo code,30.5,°C,25.7,°C,35.8,°C,31.4,°C,2025-05-25T23:05,iso8601,2025-05-26T12:07,iso8601,46898.85,s,8630.5,s,5.3,,8.65,,7.5,mm,7.1,mm,0.0,cm,14.6,mm,16.0,h,90,%,11.0,km/h,27.4,km/h,175,°,10.59,MJ/m²,2.33,mm
2025-05-20,iso8601,17.5,95.5,0.9331703186035156,0,GMT,GMT,16.0,45,wmo code,34.2,°C,26.1,°C,40.2,°C,32.7,°C,2025-05-19T23:04,iso8601,2025-05-20T12:04,iso8601,46829.38,s,40919.99,s,9.05,,9.15,,0.0,mm,0.4,mm,0.0,cm,0.4,mm,3.0,h,35,%,9.7,km/h,19.8,km/h,186,°,20.42,MJ/m²,4.58,mm
2025-05-21,iso8601,17.5,95.5,0.9331703186035156,0,GMT,GMT,16.0,95,wmo code,34.6,°C,26.0,°C,41.1,°C,32.2,°C,2025-05-20T23:04,iso8601,2025-05-21T12:05,iso8601,46865.38,s,36000.0,s,8.5,,9.15,,0.0,mm,5.5,mm,0.0,cm,5.4,mm,4.0,h,60,%,12.7,km/h,27.0,km/h,190,°,21.14,MJ/m²,4.73,mm
2025-05-22,iso8601,17.5,95.5,0.9331703186035156,0,GMT,GMT,16.0,95,wmo code,34.3,°C,26.4,°C,40.9,°C,33.0,°C,2025-05-21T23:03,iso8601,2025-05-22T12:05,iso8601,46900.36,s,40784.86,s,9.15,,9.15,,0.0,mm,2.5,mm,0.0,cm,2.5,mm,4.0,h,55,%,13.0,km/h,27.0,km/h,220,°,21.96,MJ/m²,4.8,mm
2025-05-23,iso8601,17.5,95.5,0.9331703186035156,0,GMT,GMT,16.0,95,wmo code,34.1,°C,26.5,°C,41.8,°C,33.6,°C,2025-05-22T23:03,iso8601,2025-05-23T12:05,iso8601,46934.27,s,36246.57,s,8.75,,9.15,,0.0,mm,6.3,mm,0.0,cm,6.3,mm,9.0,h,75,%,11.4,km/h,27.4,km/h,197,°,21.01,MJ/m²,4.58,mm
2025-05-24,iso8601,17.5,95.5,0.9331703186035156,0,GMT,GMT,16.0,95,wmo code,34.1,°C,26.4,°C,41.3,°C,33.2,°C,2025-05-23T23:03,iso8601,2025-05-24T12:06,iso8601,46967.09,s,39424.66,s,7.7,,9.15,,0.0,mm,11.9,mm,0.0,cm,11.9,mm,14.0,h,79,%,12.4,km/h,25.6,km/h,167,°,20.66,MJ/m²,4.52,mm
2025-05-25,iso8601,17.5,95.5,0.9331703186035156,0,GMT,GMT,16.0,96,wmo code,31.9,°C,26.1,°C,38.5,°C,32.3,°C,2025-05-24T23:03,iso8601,2025-05-25T12:06,iso8601,46998.75,s,34260.19,s,5.85,,8.7,,0.0,mm,20.3,mm,0.0,cm,20.6,mm,24.0,h,94,%,10.1,km/h,25.9,km/h,150,°,15.86,MJ/m²,3.38,mm
2025-05-26,iso8601,17.5,95.5,0.9331703186035156,0,GMT,GMT,16.0,80,wmo code,30.0,°C,25.3,°C,35.0,°C,30.9,°C,2025-05-25T23:03,iso8601,2025-05-26T12:06,iso8601,47029.21,s,2717.54,s,4.9,,8.7,,17.9,mm,8.7,mm,0.0,cm,26.6,mm,21.0,h,93,%,14.0,km/h,34.6,km/h,167,°,9.55,MJ/m²,2.18,mm
2025-05-20,iso8601,17.625,95.5,0.9288787841796875,0,GMT,GMT,17.0,80,wmo code,33.8,°C,27.1,°C,39.7,°C,33.9,°C,2025-05-19T23:04,iso8601,2025-05-20T12:04,iso8601,46854.05,s,39019.44,s,8.95,,9.15,,0.0,mm,0.8,mm,0.0,cm,0.8,mm,3.0,h,23,%,9.0,km/h,16.9,km/h,186,°,20.35,MJ/m²,4.56,mm
2025-05-21,iso8601,17.625,95.5,0.9288787841796875,0,GMT,GMT,17.0,96,wmo code,34.3,°C,26.9,°C,40.9,°C,33.3,°C,2025-05-20T23:03,iso8601,2025-05-21T12:05,iso8601,46890.32,s,38277.97,s,8.8,,9.15,,0.0,mm,4.7,mm,0.0,cm,4.7,mm,6.0,h,55,%,13.0,km/h,24.8,km/h,188,°,21.19,MJ/m²,4.74,mm
2025-05-22,iso8601,17.625,95.5,0.9288787841796875,0,GMT,GMT,17.0,95,wmo code,34.3,°C,27.2,°C,40.9,°C,33.8,°C,2025-05-21T23:03,iso8601,2025-05-22T12:05,iso8601,46925.57,s,40578.04,s,9.15,,9.15,,0.0,mm,3.0,mm,0.0,cm,3.0,mm,5.0,h,75,%,11.9,km/h,24.5,km/h,214,°,21.66,MJ/m²,4.75,mm
2025-05-23,iso8601,17.625,95.5,0.9288787841796875,0,GMT,GMT,17.0,80,wmo code,34.0,°C,27.2,°C,41.5,°C,34.3,°C,2025-05-22T23:03,iso8601,2025-05-23T12:06,iso8601,46959.75,s,37509.32,s,8.9,,9.15,,0.0,mm,7.6,mm,0.0,cm,7.6,mm,13.0,h,68,%,13.1,km/h,25.9,km/h,196,°,21.5,MJ/m²,4.7,mm
2025-05-24,iso8601,17.625,95.5,0.9288787841796875,0,GMT,GMT,17.0,95,wmo code,34.1,°C,26.9,°C,41.3,°C,33.8,°C,2025-05-23T23:03,iso8601,2025-05-24T12:06,iso8601,46992.81,s,39844.23,s,7.5,,9.15,,0.0,mm,13.5,mm,0.0,cm,13.5,mm,9.0,h,81,%,12.0,km/h,23.8,km/h,165,°,21.19,MJ/m²,4.67,mm
2025-05-25,iso8601,17.625,95.5,0.9288787841796875,0,GMT,GMT,17.0,95,wmo code,31.9,°C,26.5,°C,38.4,°C,32.6,°C,2025-05-24T23:03,iso8601,2025-05-25T12:06,iso8601,47024.71,s,34201.88,s,6.05,,8.7,,0.0,mm,20.1,mm,0.0,cm,20.4,mm,23.0,h,94,%,9.8,km/h,23.4,km/h,151,°,16.33,MJ/m²,3.49,mm
2025-05-26,iso8601,17.625,95.5,0.9288787841796875,0,GMT,GMT,17.0,80,wmo code,30.1,°C,25.5,°C,35.3,°C,30.7,°C,2025-05-25T23:02,iso8601,2025-05-26T12:07,iso8601,47055.41,s,4678.87,s,5.5,,8.7,,13.7,mm,8.5,mm,0.0,cm,22.2,mm,18.0,h,95,%,12.5,km/h,30.2,km/h,154,°,9.66,MJ/m²,2.22,mm
2025-05-20,iso8601,17.625,95.25,0.19443035125732422,0,GMT,GMT,18.0,45,wmo code,34.8,°C,25.9,°C,40.5,°C,32.3,°C,2025-05-19T23:05,iso8601,2025-05-20T12:05,iso8601,46854.05,s,39472.3,s,8.6,,9.15,,0.0,mm,0.2,mm,0.0,cm,0.2,mm,2.0,h,25,%,10.5,km/h,21.6,km/h,193,°,21.41,MJ/m²,4.89,mm
2025-05-21,iso8601,17.625,95.25,0.19443035125732422,0,GMT,GMT,18.0,95,wmo code,35.1,°C,26.0,°C,41.5,°C,32.0,°C,2025-05-20T23:04,iso8601,2025-05-21T12:06,iso8601,46890.32,s,36806.14,s,9.05,,9.15,,0.0,mm,5.7,mm,0.0,cm,5.7,mm,6.0,h,48,%,12.6,km/h,25.9,km/h,194,°,22.0,MJ/m²,4.96,mm
2025-05-22,iso8601,17.625,95.25,0.19443035125732422,0,GMT,GMT,18.0,95,wmo code,34.8,°C,26.2,°C,41.4,°C,32.5,°C,2025-05-21T23:04,iso8601,2025-05-22T12:06,iso8601,46925.57,s,39398.88,s,9.0,,9.15,,0.0,mm,3.2,mm,0.0,cm,3.2,mm,3.0,h,55,%,14.8,km/h,31.0,km/h,225,°,22.18,MJ/m²,4.92,mm
2025-05-23,iso8601,17.625,95.25,0.19443035125732422,0,GMT,GMT,18.0,80,wmo code,34.5,°C,26.4,°C,41.5,°C,33.4,°C,2025-05-22T23:04,iso8601,2025-05-23T12:07,iso8601,46959.75,s,36275.52,s,8.65,,9.15,,0.0,mm,7.5,mm,0.0,cm,7.5,mm,9.0,h,75,%,13.8,km/h,28.8,km/h,202,°,20.57,MJ/m²,4.58,mm
2025-05-24,iso8601,17.625,95.25,0.19443035125732422,0,GMT,GMT,18.0,95,wmo code,34.2,°C,26.4,°C,41.6,°C,33.1,°C,2025-05-23T23:04,iso8601,2025-05-24T12:07,iso8601,46992.81,s,37821.51,s,8.3,,9.15,,0.0,mm,14.1,mm,0.0,cm,14.1,mm,12.0,h,81,%,12.4,km/h,24.8,km/h,171,°,20.02,MJ/m²,4.38,mm
2025-05-25,iso8601,17.625,95.25,0.19443035125732422,0,GMT,GMT,18.0,96,wmo code,32.4,°C,25.9,°C,38.9,°C,32.0,°C,2025-05-24T23:04,iso8601,2025-05-25T12:07,iso8601,47024.71,s,36154.77,s,6.95,,8.7,,0.0,mm,16.8,mm,0.0,cm,16.8,mm,20.0,h,90,%,10.1,km/h,25.2,km/h,154,°,16.08,MJ/m²,3.47,mm
2025-05-26,iso8601,17.625,95.25,0.19443035125732422,0,GMT,GMT,18.0,80,wmo code,29.4,°C,24.8,°C,34.8,°C,30.4,°C,2025-05-25T23:03,iso8601,2025-05-26T12:08,iso8601,47055.41,s,0.0,s,4.25,,8.7,,27.6,mm,10.1,mm,0.0,cm,37.7,mm,24.0,h,94,%,13.1,km/h,31.3,km/h,173,°,8.2,MJ/m²,1.9,mm
2025-05-20,iso8601,18.0,95.25,0.1844167709350586,0,GMT,GMT,23.0,3,wmo code,34.7,°C,26.1,°C,40.5,°C,32.2,°C,2025-05-19T23:04,iso8601,2025-05-20T12:06,iso8601,46928.31,s,37297.35,s,8.4,,9.1,,0.0,mm,0.0,mm,0.0,cm,0.0,mm,0.0,h,23,%,11.6,km/h,21.2,km/h,185,°,21.71,MJ/m²,5.09,mm
2025-05-21,iso8601,18.0,95.25,0.1844167709350586,0,GMT,GMT,23.0,95,wmo code,35.7,°C,26.2,°C,41.4,°C,32.3,°C,2025-05-20T23:04,iso8601,2025-05-21T12:06,iso8601,46965.41,s,38458.7,s,9.0,,9.1,,0.0,mm,2.2,mm,0.0,cm,2.2,mm,5.0,h,45,%,12.9,km/h,27.0,km/h,191,°,22.33,MJ/m²,5.19,mm
2025-05-22,iso8601,18.0,95.25,0.1844167709350586,0,GMT,GMT,23.0,95,wmo code,35.1,°C,26.2,°C,41.4,°C,32.4,°C,2025-05-21T23:04,iso8601,2025-05-22T12:07,iso8601,47001.45,s,35745.55,s,8.65,,9.15,,0.0,mm,1.5,mm,0.0,cm,1.5,mm,5.0,h,75,%,14.4,km/h,29.9,km/h,204,°,21.36,MJ/m²,5.01,mm
2025-05-23,iso8601,18.0,95.25,0.1844167709350586,0,GMT,GMT,23.0,96,wmo code,34.5,°C,26.5,°C,41.8,°C,32.9,°C,2025-05-22T23:03,iso8601,2025-05-23T12:07,iso8601,47036.41,s,39171.39,s,9.05,,9.1,,0.0,mm,10.2,mm,0.0,cm,10.2,mm,9.0,h,78,%,16.3,km/h,31.0,km/h,188,°,21.54,MJ/m²,4.76,mm
2025-05-24,iso8601,18.0,95.25,0.1844167709350586,0,GMT,GMT,23.0,95,wmo code,35.2,°C,26.4,°C,41.9,°C,33.0,°C,2025-05-23T23:03,iso8601,2025-05-24T12:08,iso8601,47070.23,s,37182.16,s,8.35,,9.15,,0.0,mm,8.7,mm,0.0,cm,8.7,mm,9.0,h,81,%,13.4,km/h,26.3,km/h,172,°,20.61,MJ/m²,4.75,mm
2025-05-25,iso8601,18.0,95.25,0.1844167709350586,0,GMT,GMT,23.0,95,wmo code,32.1,°C,25.7,°C,38.6,°C,31.6,°C,2025-05-24T23:03,iso8601,2025-05-25T12:08,iso8601,47102.86,s,30637.79,s,7.35,,8.7,,0.0,mm,18.7,mm,0.0,cm,18.7,mm,20.0,h,90,%,10.9,km/h,23.8,km/h,164,°,15.03,MJ/m²,3.31,mm
2025-05-26,iso8601,18.0,95.25,0.1844167709350586,0,GMT,GMT,23.0,95,wmo code,28.1,°C,24.9,°C,33.5,°C,30.4,°C,2025-05-25T23:03,iso8601,2025-05-26T12:08,iso8601,47134.25,s,0.0,s,5.05,,8.65,,7.9,mm,8.5,mm,0.0,cm,16.1,mm,21.0,h,89,%,12.7,km/h,29.5,km/h,172,°,7.04,MJ/m²,1.57,mm
2025-05-20,iso8601,17.75,95.25,1.0546445846557617,0,GMT,GMT,19.0,3,wmo code,34.9,°C,26.1,°C,40.6,°C,32.2,°C,2025-05-19T23:05,iso8601,2025-05-20T12:06,iso8601,46878.77,s,35114.69,s,8.6,,9.1,,0.0,mm,0.3,mm,0.0,cm,0.3,mm,3.0,h,25,%,10.7,km/h,20.9,km/h,191,°,22.12,MJ/m²,5.1,mm
2025-05-21,iso8601,17.75,95.25,1.0546445846557617,0,GMT,GMT,19.0,95,wmo code,35.3,°C,26.3,°C,41.5,°C,32.5,°C,2025-05-20T23:04,iso8601,2025-05-21T12:06,iso8601,46915.31,s,39600.0,s,9.05,,9.1,,0.0,mm,2.8,mm,0.0,cm,2.8,mm,6.0,h,48,%,13.7,km/h,28.8,km/h,194,°,22.82,MJ/m²,5.2,mm
2025-05-22,iso8601,17.75,95.25,1.0546445846557617,0,GMT,GMT,19.0,95,wmo code,34.8,°C,26.2,°C,40.9,°C,32.4,°C,2025-05-21T23:04,iso8601,2025-05-22T12:06,iso8601,46950.82,s,37046.6,s,8.6,,9.1,,0.0,mm,2.6,mm,0.0,cm,2.6,mm,3.0,h,55,%,15.5,km/h,32.0,km/h,217,°,22.06,MJ/m²,4.99,mm
2025-05-23,iso8601,17.75,95.25,1.0546445846557617,0,GMT,GMT,19.0,95,wmo code,34.5,°C,26.5,°C,42.0,°C,32.9,°C,2025-05-22T23:04,iso8601,2025-05-23T12:07,iso8601,46985.27,s,38241.66,s,8.95,,9.1,,0.0,mm,6.6,mm,0.0,cm,6.6,mm,15.0,h,75,%,15.9,km/h,31.3,km/h,198,°,22.24,MJ/m²,4.92,mm
2025-05-24,iso8601,17.75,95.25,1.0546445846557617,0,GMT,GMT,19.0,95,wmo code,34.9,°C,26.4,°C,42.1,°C,33.1,°C,2025-05-23T23:04,iso8601,2025-05-24T12:07,iso8601,47018.58,s,36750.46,s,8.4,,9.1,,0.0,mm,15.9,mm,0.0,cm,15.9,mm,12.0,h,81,%,12.4,km/h,24.8,km/h,173,°,20.79,MJ/m²,4.67,mm
2025-05-25,iso8601,17.75,95.25,1.0546445846557617,0,GMT,GMT,19.0,96,wmo code,32.2,°C,25.7,°C,39.2,°C,31.7,°C,2025-05-24T23:03,iso8601,2025-05-25T12:07,iso8601,47050.72,s,32464.11,s,7.55,,8.65,,0.0,mm,20.7,mm,0.0,cm,20.7,mm,20.0,h,90,%,11.9,km/h,23.0,km/h,159,°,15.67,MJ/m²,3.39,mm
2025-05-26,iso8601,17.75,95.25,1.0546445846557617,0,GMT,GMT,19.0,95,wmo code,28.4,°C,24.8,°C,34.4,°C,30.1,°C,2025-05-25T23:03,iso8601,2025-05-26T12:08,iso8601,47081.64,s,0.0,s,5.9,,8.65,,13.1,mm,11.4,mm,0.0,cm,24.5,mm,24.0,h,94,%,10.5,km/h,25.2,km/h,171,°,6.99,MJ/m²,1.57,mm
2025-05-20,iso8601,17.875,95.25,0.22327899932861328,0,GMT,GMT,25.0,3,wmo code,34.8,°C,26.1,°C,40.6,°C,32.0,°C,2025-05-19T23:04,iso8601,2025-05-20T12:06,iso8601,46903.52,s,38231.82,s,8.6,,9.1,,0.0,mm,0.0,mm,0.0,cm,0.0,mm,0.0,h,23,%,10.4,km/h,21.2,km/h,186,°,21.77,MJ/m²,5.08,mm
2025-05-21,iso8601,17.875,95.25,0.22327899932861328,0,GMT,GMT,25.0,80,wmo code,35.4,°C,26.1,°C,41.3,°C,32.1,°C,2025-05-20T23:04,iso8601,2025-05-21T12:06,iso8601,46940.34,s,39815.78,s,9.05,,9.1,,0.0,mm,2.7,mm,0.0,cm,2.7,mm,8.0,h,45,%,14.4,km/h,28.8,km/h,189,°,22.12,MJ/m²,5.12,mm
2025-05-22,iso8601,17.875,95.25,0.22327899932861328,0,GMT,GMT,25.0,95,wmo code,35.3,°C,26.1,°C,41.4,°C,32.2,°C,2025-05-21T23:04,iso8601,2025-05-22T12:07,iso8601,46976.12,s,36624.26,s,8.6,,9.1,,0.0,mm,2.4,mm,0.0,cm,2.4,mm,4.0,h,75,%,15.0,km/h,32.8,km/h,207,°,21.57,MJ/m²,4.98,mm
2025-05-23,iso8601,17.875,95.25,0.22327899932861328,0,GMT,GMT,25.0,80,wmo code,34.8,°C,26.5,°C,41.9,°C,32.6,°C,2025-05-22T23:04,iso8601,2025-05-23T12:07,iso8601,47010.82,s,39359.59,s,8.95,,9.1,,0.0,mm,4.5,mm,0.0,cm,4.5,mm,12.0,h,78,%,16.0,km/h,31.7,km/h,192,°,21.86,MJ/m²,4.96,mm
2025-05-24,iso8601,17.875,95.25,0.22327899932861328,0,GMT,GMT,25.0,95,wmo code,35.4,°C,26.3,°C,42.4,°C,33.0,°C,2025-05-23T23:03,iso8601,2025-05-24T12:07,iso8601,47044.38,s,36963.98,s,8.4,,9.1,,0.0,mm,13.5,mm,0.0,cm,13.5,mm,9.0,h,81,%,11.1,km/h,24.5,km/h,170,°,20.98,MJ/m²,4.77,mm
2025-05-25,iso8601,17.875,95.25,0.22327899932861328,0,GMT,GMT,25.0,96,wmo code,32.1,°C,25.8,°C,38.7,°C,31.6,°C,2025-05-24T23:03,iso8601,2025-05-25T12:08,iso8601,47076.77,s,31093.68,s,7.55,,8.65,,0.0,mm,19.3,mm,0.0,cm,19.3,mm,20.0,h,90,%,9.3,km/h,22.7,km/h,155,°,15.44,MJ/m²,3.38,mm
2025-05-26,iso8601,17.875,95.25,0.22327899932861328,0,GMT,GMT,25.0,95,wmo code,28.7,°C,25.0,°C,34.5,°C,30.2,°C,2025-05-25T23:03,iso8601,2025-05-26T12:08,iso8601,47107.93,s,0.0,s,5.9,,8.65,,10.7,mm,8.8,mm,0.0,cm,19.2,mm,24.0,h,89,%,10.9,km/h,27.0,km/h,168,°,7.65,MJ/m²,1.71,mm
2025-05-20,iso8601,16.875,94.875,0.16117095947265625,0,GMT,GMT,10.0,80,wmo code,34.2,°C,26.1,°C,41.0,°C,32.8,°C,2025-05-19T23:07,iso8601,2025-05-20T12:06,iso8601,46706.59,s,38486.74,s,8.35,,9.15,,0.0,mm,1.3,mm,0.0,cm,1.3,mm,4.0,h,58,%,11.4,km/h,23.0,km/h,179,°,21.09,MJ/m²,4.64,mm
2025-05-21,iso8601,16.875,94.875,0.16117095947265625,0,GMT,GMT,10.0,95,wmo code,34.4,°C,26.2,°C,41.0,°C,32.9,°C,2025-05-20T23:07,iso8601,2025-05-21T12:06,iso8601,46741.22,s,33342.19,s,8.95,,9.15,,0.0,mm,9.2,mm,0.0,cm,9.2,mm,5.0,h,60,%,11.8,km/h,24.1,km/h,183,°,20.54,MJ/m²,4.53,mm
2025-05-22,iso8601,16.875,94.875,0.16117095947265625,0,GMT,GMT,10.0,95,wmo code,33.6,°C,26.2,°C,41.9,°C,33.2,°C,2025-05-21T23:07,iso8601,2025-05-22T12:06,iso8601,46774.88,s,37043.53,s,8.3,,9.15,,0.0,mm,6.5,mm,0.0,cm,6.5,mm,8.0,h,78,%,12.6,km/h,26.6,km/h,224,°,20.66,MJ/m²,4.4,mm
2025-05-23,iso8601,16.875,94.875,0.16117095947265625,0,GMT,GMT,10.0,96,wmo code,33.5,°C,26.3,°C,41.3,°C,33.1,°C,2025-05-22T23:07,iso8601,2025-05-23T12:07,iso8601,46807.51,s,36808.8,s,8.6,,9.15,,0.0,mm,12.0,mm,0.0,cm,12.0,mm,9.0,h,88,%,10.8,km/h,29.2,km/h,196,°,19.11,MJ/m²,4.05,mm
2025-05-24,iso8601,16.875,94.875,0.16117095947265625,0,GMT,GMT,10.0,96,wmo code,33.8,°C,26.4,°C,41.5,°C,33.1,°C,2025-05-23T23:07,iso8601,2025-05-24T12:07,iso8601,46839.08,s,38152.93,s,6.55,,9.15,,0.0,mm,13.6,mm,0.0,cm,13.6,mm,11.0,h,85,%,12.2,km/h,29.2,km/h,167,°,20.18,MJ/m²,4.34,mm
2025-05-25,iso8601,16.875,94.875,0.16117095947265625,0,GMT,GMT,10.0,95,wmo code,31.3,°C,26.3,°C,38.4,°C,32.6,°C,2025-05-24T23:06,iso8601,2025-05-25T12:07,iso8601,46869.54,s,29374.43,s,4.85,,8.65,,0.0,mm,18.4,mm,0.0,cm,18.4,mm,24.0,h,96,%,9.8,km/h,22.0,km/h,163,°,14.1,MJ/m²,3.01,mm
2025-05-26,iso8601,16.875,94.875,0.16117095947265625,0,GMT,GMT,10.0,80,wmo code,30.5,°C,25.7,°C,36.1,°C,31.7,°C,2025-05-25T23:06,iso8601,2025-05-26T12:08,iso8601,46898.85,s,529.99,s,3.45,,8.65,,15.3,mm,5.2,mm,0.0,cm,20.8,mm,16.0,h,90,%,9.7,km/h,23.8,km/h,173,°,8.8,MJ/m²,2.0,mm
2025-05-20,iso8601,16.5,95.75,0.21183490753173828,0,GMT,GMT,5.0,80,wmo code,33.7,°C,26.1,°C,40.2,°C,32.8,°C,2025-05-19T23:05,iso8601,2025-05-20T12:02,iso8601,46633.37,s,34719.27,s,8.5,,9.1,,0.0,mm,1.4,mm,0.0,cm,1.5,mm,6.0,h,40,%,11.8,km/h,25.2,km/h,173,°,20.76,MJ/m²,4.52,mm
2025-05-21,iso8601,16.5,95.75,0.21183490753173828,0,GMT,GMT,5.0,95,wmo code,33.1,°C,26.1,°C,40.2,°C,33.1,°C,2025-05-20T23:04,iso8601,2025-05-21T12:02,iso8601,46667.19,s,36092.71,s,7.9,,9.1,,0.0,mm,4.7,mm,0.0,cm,4.7,mm,8.0,h,58,%,11.9,km/h,25.2,km/h,181,°,20.44,MJ/m²,4.41,mm
2025-05-22,iso8601,16.5,95.75,0.21183490753173828,0,GMT,GMT,5.0,96,wmo code,33.9,°C,26.1,°C,42.2,°C,33.2,°C,2025-05-21T23:04,iso8601,2025-05-22T12:02,iso8601,46700.05,s,32255.62,s,7.65,,9.1,,0.0,mm,8.8,mm,0.0,cm,8.8,mm,8.0,h,80,%,9.0,km/h,20.5,km/h,208,°,19.45,MJ/m²,4.2,mm
2025-05-23,iso8601,16.5,95.75,0.21183490753173828,0,GMT,GMT,5.0,95,wmo code,32.9,°C,26.3,°C,40.3,°C,33.5,°C,2025-05-22T23:04,iso8601,2025-05-23T12:03,iso8601,46731.91,s,41544.84,s,8.5,,9.1,,0.0,mm,11.1,mm,0.0,cm,11.1,mm,12.0,h,85,%,11.3,km/h,28.4,km/h,198,°,19.9,MJ/m²,4.17,mm
2025-05-24,iso8601,16.5,95.75,0.21183490753173828,0,GMT,GMT,5.0,80,wmo code,33.2,°C,26.6,°C,40.1,°C,33.7,°C,2025-05-23T23:04,iso8601,2025-05-24T12:03,iso8601,46762.75,s,39882.25,s,7.9,,9.1,,0.0,mm,6.8,mm,0.0,cm,6.8,mm,11.0,h,85,%,13.0,km/h,26.6,km/h,160,°,20.38,MJ/m²,4.34,mm
2025-05-25,iso8601,16.5,95.75,0.21183490753173828,0,GMT,GMT,5.0,80,wmo code,30.6,°C,26.1,°C,37.4,°C,32.3,°C,2025-05-24T23:04,iso8601,2025-05-25T12:03,iso8601,46792.49,s,35520.99,s,1.75,,8.6,,0.6,mm,13.4,mm,0.0,cm,14.0,mm,21.0,h,95,%,9.6,km/h,25.6,km/h,162,°,14.76,MJ/m²,3.06,mm
2025-05-26,iso8601,16.5,95.75,0.21183490753173828,0,GMT,GMT,5.0,95,wmo code,30.9,°C,26.0,°C,35.4,°C,30.7,°C,2025-05-25T23:03,iso8601,2025-05-26T12:04,iso8601,46821.11,s,15530.23,s,2.75,,8.65,,1.2,mm,6.2,mm,0.0,cm,8.0,mm,13.0,h,93,%,13.7,km/h,28.4,km/h,178,°,11.92,MJ/m²,2.62,mm
2025-05-20,iso8601,18.25,95.125,0.2791881561279297,0,GMT,GMT,35.0,3,wmo code,34.4,°C,26.0,°C,39.6,°C,32.3,°C,2025-05-19T23:04,iso8601,2025-05-20T12:07,iso8601,46978.02,s,38681.75,s,8.0,,9.1,,0.0,mm,0.4,mm,0.0,cm,0.4,mm,3.0,h,30,%,12.6,km/h,23.8,km/h,172,°,21.2,MJ/m²,4.82,mm
2025-05-21,iso8601,18.25,95.125,0.2791881561279297,0,GMT,GMT,35.0,96,wmo code,34.9,°C,25.9,°C,40.7,°C,32.0,°C,2025-05-20T23:04,iso8601,2025-05-21T12:07,iso8601,47015.67,s,35517.94,s,9.05,,9.1,,0.0,mm,2.5,mm,0.0,cm,2.5,mm,3.0,h,45,%,13.4,km/h,25.9,km/h,177,°,21.31,MJ/m²,4.82,mm
2025-05-22,iso8601,18.25,95.125,0.2791881561279297,0,GMT,GMT,35.0,80,wmo code,34.0,°C,26.0,°C,41.4,°C,32.5,°C,2025-05-21T23:04,iso8601,2025-05-22T12:08,iso8601,47052.25,s,31824.09,s,9.1,,9.15,,0.0,mm,1.5,mm,0.0,cm,1.5,mm,6.0,h,48,%,10.0,km/h,23.8,km/h,177,°,19.11,MJ/m²,4.23,mm
2025-05-23,iso8601,18.25,95.125,0.2791881561279297,0,GMT,GMT,35.0,81,wmo code,33.7,°C,26.0,°C,40.4,°C,32.8,°C,2025-05-22T23:03,iso8601,2025-05-23T12:08,iso8601,47087.73,s,41423.2,s,8.9,,9.1,,0.0,mm,4.8,mm,0.0,cm,4.8,mm,6.0,h,58,%,13.4,km/h,25.6,km/h,169,°,21.03,MJ/m²,4.62,mm
2025-05-24,iso8601,18.25,95.125,0.2791881561279297,0,GMT,GMT,35.0,80,wmo code,35.2,°C,26.2,°C,40.8,°C,32.8,°C,2025-05-23T23:03,iso8601,2025-05-24T12:08,iso8601,47122.05,s,38321.07,s,8.65,,9.15,,0.0,mm,3.3,mm,0.0,cm,3.3,mm,6.0,h,68,%,14.8,km/h,26.6,km/h,161,°,20.42,MJ/m²,4.75,mm
2025-05-25,iso8601,18.25,95.125,0.2791881561279297,0,GMT,GMT,35.0,80,wmo code,32.4,°C,25.8,°C,38.3,°C,31.5,°C,2025-05-24T23:03,iso8601,2025-05-25T12:09,iso8601,47155.17,s,23840.04,s,7.4,,8.7,,0.0,mm,8.9,mm,0.0,cm,8.9,mm,20.0,h,80,%,15.4,km/h,28.4,km/h,158,°,15.58,MJ/m²,3.44,mm
2025-05-26,iso8601,18.25,95.125,0.2791881561279297,0,GMT,GMT,35.0,95,wmo code,28.6,°C,24.9,°C,34.0,°C,29.6,°C,2025-05-25T23:03,iso8601,2025-05-26T12:09,iso8601,47187.03,s,1898.6,s,5.1,,8.65,,3.0,mm,5.8,mm,0.0,cm,8.8,mm,16.0,h,68,%,14.7,km/h,33.5,km/h,157,°,8.7,MJ/m²,1.94,mm
2025-05-20,iso8601,18.375,95.25,0.7051229476928711,0,GMT,GMT,26.0,3,wmo code,34.9,°C,26.8,°C,40.3,°C,33.1,°C,2025-05-19T23:03,iso8601,2025-05-20T12:07,iso8601,47002.93,s,38741.82,s,8.4,,9.15,,0.0,mm,0.3,mm,0.0,cm,0.3,mm,2.0,h,30,%,12.7,km/h,24.5,km/h,170,°,22.39,MJ/m²,5.11,mm
2025-05-21,iso8601,18.375,95.25,0.7051229476928711,0,GMT,GMT,26.0,96,wmo code,35.4,°C,26.8,°C,41.3,°C,33.1,°C,2025-05-20T23:03,iso8601,2025-05-21T12:07,iso8601,47040.86,s,36819.21,s,9.15,,9.15,,0.0,mm,4.4,mm,0.0,cm,4.4,mm,2.0,h,45,%,13.0,km/h,24.1,km/h,161,°,21.99,MJ/m²,4.96,mm
2025-05-22,iso8601,18.375,95.25,0.7051229476928711,0,GMT,GMT,26.0,96,wmo code,33.7,°C,26.7,°C,40.8,°C,33.2,°C,2025-05-21T23:03,iso8601,2025-05-22T12:07,iso8601,47077.71,s,27730.29,s,9.15,,9.15,,0.0,mm,5.0,mm,0.0,cm,5.0,mm,7.0,h,48,%,9.4,km/h,21.6,km/h,167,°,18.46,MJ/m²,4.04,mm
2025-05-23,iso8601,18.375,95.25,0.7051229476928711,0,GMT,GMT,26.0,95,wmo code,34.0,°C,26.9,°C,41.8,°C,33.2,°C,2025-05-22T23:03,iso8601,2025-05-23T12:08,iso8601,47113.45,s,40950.37,s,9.15,,9.15,,0.0,mm,4.8,mm,0.0,cm,4.8,mm,9.0,h,58,%,10.6,km/h,24.5,km/h,164,°,22.65,MJ/m²,4.98,mm
2025-05-24,iso8601,18.375,95.25,0.7051229476928711,0,GMT,GMT,26.0,95,wmo code,35.2,°C,26.8,°C,41.4,°C,33.0,°C,2025-05-23T23:03,iso8601,2025-05-24T12:08,iso8601,47148.03,s,36587.56,s,9.15,,9.15,,0.0,mm,5.1,mm,0.0,cm,5.1,mm,6.0,h,68,%,13.0,km/h,24.5,km/h,158,°,20.74,MJ/m²,4.79,mm
2025-05-25,iso8601,18.375,95.25,0.7051229476928711,0,GMT,GMT,26.0,80,wmo code,32.9,°C,26.1,°C,39.0,°C,31.5,°C,2025-05-24T23:02,iso8601,2025-05-25T12:09,iso8601,47181.39,s,24898.74,s,7.55,,8.7,,0.0,mm,9.8,mm,0.0,cm,9.8,mm,20.0,h,80,%,14.7,km/h,27.4,km/h,156,°,16.67,MJ/m²,3.73,mm
2025-05-26,iso8601,18.375,95.25,0.7051229476928711,0,GMT,GMT,26.0,80,wmo code,28.7,°C,25.2,°C,33.8,°C,29.6,°C,2025-05-25T23:02,iso8601,2025-05-26T12:09,iso8601,47213.48,s,5521.47,s,4.7,,8.7,,2.8,mm,8.0,mm,0.0,cm,10.8,mm,21.0,h,68,%,16.5,km/h,29.5,km/h,154,°,9.28,MJ/m²,2.16,mm
2025-05-20,iso8601,17.125,95.25,0.682830810546875,0,GMT,GMT,15.0,80,wmo code,34.3,°C,26.1,°C,40.8,°C,32.8,°C,2025-05-19T23:06,iso8601,2025-05-20T12:05,iso8601,46755.59,s,42012.46,s,8.85,,9.15,,0.0,mm,1.0,mm,0.0,cm,1.0,mm,4.0,h,58,%,11.0,km/h,21.6,km/h,186,°,21.62,MJ/m²,4.8,mm
2025-05-21,iso8601,17.125,95.25,0.682830810546875,0,GMT,GMT,15.0,95,wmo code,34.6,°C,25.9,°C,41.2,°C,32.4,°C,2025-05-20T23:05,iso8601,2025-05-21T12:05,iso8601,46790.77,s,30001.97,s,7.45,,9.15,,0.0,mm,7.3,mm,0.0,cm,7.3,mm,5.0,h,70,%,11.3,km/h,26.6,km/h,186,°,20.24,MJ/m²,4.48,mm
2025-05-22,iso8601,17.125,95.25,0.682830810546875,0,GMT,GMT,15.0,96,wmo code,34.1,°C,26.2,°C,40.8,°C,33.0,°C,2025-05-21T23:05,iso8601,2025-05-22T12:05,iso8601,46824.95,s,41609.59,s,8.65,,9.15,,0.0,mm,2.9,mm,0.0,cm,2.9,mm,5.0,h,75,%,12.3,km/h,27.7,km/h,224,°,21.24,MJ/m²,4.63,mm
2025-05-23,iso8601,17.125,95.25,0.682830810546875,0,GMT,GMT,15.0,95,wmo code,33.8,°C,26.4,°C,41.7,°C,33.4,°C,2025-05-22T23:05,iso8601,2025-05-23T12:06,iso8601,46858.1,s,37247.0,s,8.65,,9.15,,0.0,mm,8.4,mm,0.0,cm,8.4,mm,12.0,h,90,%,14.9,km/h,29.2,km/h,199,°,20.44,MJ/m²,4.36,mm
2025-05-24,iso8601,17.125,95.25,0.682830810546875,0,GMT,GMT,15.0,95,wmo code,34.3,°C,26.3,°C,41.9,°C,33.0,°C,2025-05-23T23:05,iso8601,2025-05-24T12:06,iso8601,46890.16,s,40355.53,s,7.9,,9.15,,0.0,mm,10.5,mm,0.0,cm,10.5,mm,9.0,h,88,%,13.7,km/h,26.6,km/h,166,°,21.16,MJ/m²,4.57,mm
2025-05-25,iso8601,17.125,95.25,0.682830810546875,0,GMT,GMT,15.0,96,wmo code,31.8,°C,25.9,°C,38.6,°C,32.3,°C,2025-05-24T23:05,iso8601,2025-05-25T12:06,iso8601,46921.11,s,32671.19,s,5.95,,8.7,,0.0,mm,23.5,mm,0.0,cm,23.5,mm,23.0,h,95,%,10.1,km/h,22.7,km/h,152,°,14.92,MJ/m²,3.16,mm
2025-05-26,iso8601,17.125,95.25,0.682830810546875,0,GMT,GMT,15.0,95,wmo code,29.7,°C,25.2,°C,34.9,°C,30.8,°C,2025-05-25T23:04,iso8601,2025-05-26T12:07,iso8601,46950.87,s,4786.48,s,4.15,,8.7,,16.2,mm,7.1,mm,0.0,cm,23.3,mm,16.0,h,90,%,12.2,km/h,31.3,km/h,175,°,10.11,MJ/m²,2.22,mm
2025-05-20,iso8601,17.375,95.375,0.5636215209960938,0,GMT,GMT,12.0,45,wmo code,34.4,°C,26.1,°C,40.4,°C,32.8,°C,2025-05-19T23:05,iso8601,2025-05-20T12:05,iso8601,46804.75,s,41876.89,s,9.05,,9.2,,0.0,mm,0.2,mm,0.0,cm,0.2,mm,2.0,h,48,%,10.3,km/h,21.2,km/h,189,°,21.28,MJ/m²,4.75,mm
2025-05-21,iso8601,17.375,95.375,0.5636215209960938,0,GMT,GMT,12.0,95,wmo code,34.7,°C,25.9,°C,41.3,°C,32.0,°C,2025-05-20T23:04,iso8601,2025-05-21T12:05,iso8601,46840.47,s,34029.05,s,8.75,,9.15,,0.0,mm,6.5,mm,0.0,cm,6.4,mm,5.0,h,63,%,13.0,km/h,27.0,km/h,190,°,21.59,MJ/m²,4.8,mm
2025-05-22,iso8601,17.375,95.375,0.5636215209960938,0,GMT,GMT,12.0,95,wmo code,34.3,°C,26.2,°C,41.3,°C,32.8,°C,2025-05-21T23:04,iso8601,2025-05-22T12:05,iso8601,46875.18,s,40368.79,s,9.1,,9.15,,0.0,mm,2.9,mm,0.0,cm,2.9,mm,4.0,h,63,%,13.1,km/h,26.6,km/h,223,°,22.29,MJ/m²,4.85,mm
2025-05-23,iso8601,17.375,95.375,0.5636215209960938,0,GMT,GMT,12.0,95,wmo code,34.0,°C,26.4,°C,41.5,°C,33.5,°C,2025-05-22T23:04,iso8601,2025-05-23T12:06,iso8601,46908.84,s,36308.0,s,8.65,,9.15,,0.0,mm,6.9,mm,0.0,cm,6.9,mm,9.0,h,78,%,11.3,km/h,27.0,km/h,198,°,20.17,MJ/m²,4.39,mm
2025-05-24,iso8601,17.375,95.375,0.5636215209960938,0,GMT,GMT,12.0,95,wmo code,34.3,°C,26.4,°C,41.7,°C,33.2,°C,2025-05-23T23:04,iso8601,2025-05-24T12:06,iso8601,46941.41,s,38711.26,s,7.75,,9.15,,0.0,mm,12.0,mm,0.0,cm,12.0,mm,12.0,h,90,%,12.1,km/h,24.8,km/h,168,°,20.51,MJ/m²,4.48,mm
2025-05-25,iso8601,17.375,95.375,0.5636215209960938,0,GMT,GMT,12.0,96,wmo code,32.1,°C,25.9,°C,38.8,°C,32.3,°C,2025-05-24T23:04,iso8601,2025-05-25T12:06,iso8601,46972.82,s,36791.3,s,6.3,,8.7,,0.0,mm,21.6,mm,0.0,cm,21.6,mm,20.0,h,96,%,10.4,km/h,24.8,km/h,150,°,15.98,MJ/m²,3.39,mm
2025-05-26,iso8601,17.375,95.375,0.5636215209960938,0,GMT,GMT,12.0,95,wmo code,29.9,°C,25.2,°C,35.2,°C,31.0,°C,2025-05-25T23:03,iso8601,2025-05-26T12:07,iso8601,47003.05,s,0.0,s,4.3,,8.7,,24.9,mm,8.5,mm,0.0,cm,33.4,mm,21.0,h,93,%,14.8,km/h,32.8,km/h,174,°,9.08,MJ/m²,2.09,mm
2025-05-20,iso8601,17.25,95.25,0.15497207641601562,0,GMT,GMT,10.0,80,wmo code,34.3,°C,26.1,°C,40.6,°C,32.9,°C,2025-05-19T23:05,iso8601,2025-05-20T12:05,iso8601,46780.15,s,41878.35,s,8.55,,9.2,,0.0,mm,0.9,mm,0.0,cm,0.9,mm,5.0,h,48,%,10.6,km/h,22.0,km/h,189,°,21.68,MJ/m²,4.83,mm
2025-05-21,iso8601,17.25,95.25,0.15497207641601562,0,GMT,GMT,10.0,96,wmo code,34.6,°C,25.9,°C,41.2,°C,32.3,°C,2025-05-20T23:05,iso8601,2025-05-21T12:05,iso8601,46815.6,s,32062.17,s,7.15,,9.15,,0.0,mm,7.2,mm,0.0,cm,7.2,mm,4.0,h,63,%,12.8,km/h,26.3,km/h,187,°,20.54,MJ/m²,4.57,mm
2025-05-22,iso8601,17.25,95.25,0.15497207641601562,0,GMT,GMT,10.0,95,wmo code,34.1,°C,26.2,°C,40.9,°C,33.0,°C,2025-05-21T23:05,iso8601,2025-05-22T12:06,iso8601,46850.05,s,41196.37,s,8.65,,9.15,,0.0,mm,2.3,mm,0.0,cm,2.3,mm,3.0,h,63,%,12.7,km/h,27.0,km/h,224,°,21.41,MJ/m²,4.69,mm
2025-05-23,iso8601,17.25,95.25,0.15497207641601562,0,GMT,GMT,10.0,96,wmo code,34.0,°C,26.5,°C,41.7,°C,33.5,°C,2025-05-22T23:05,iso8601,2025-05-23T12:06,iso8601,46883.45,s,36995.9,s,8.6,,9.15,,0.0,mm,8.1,mm,0.0,cm,8.1,mm,6.0,h,78,%,14.3,km/h,28.1,km/h,198,°,20.43,MJ/m²,4.4,mm
2025-05-24,iso8601,17.25,95.25,0.15497207641601562,0,GMT,GMT,10.0,96,wmo code,34.4,°C,26.4,°C,42.0,°C,33.1,°C,2025-05-23T23:04,iso8601,2025-05-24T12:06,iso8601,46915.77,s,40016.48,s,7.4,,9.15,,0.0,mm,11.1,mm,0.0,cm,11.1,mm,9.0,h,90,%,13.0,km/h,25.9,km/h,167,°,20.84,MJ/m²,4.53,mm
2025-05-25,iso8601,17.25,95.25,0.15497207641601562,0,GMT,GMT,10.0,96,wmo code,32.1,°C,26.0,°C,38.8,°C,32.3,°C,2025-05-24T23:04,iso8601,2025-05-25T12:07,iso8601,46946.94,s,33846.37,s,6.8,,8.7,,0.0,mm,24.7,mm,0.0,cm,24.7,mm,23.0,h,96,%,9.8,km/h,23.8,km/h,151,°,15.19,MJ/m²,3.23,mm
2025-05-26,iso8601,17.25,95.25,0.15497207641601562,0,GMT,GMT,10.0,95,wmo code,29.9,°C,25.0,°C,35.2,°C,30.9,°C,2025-05-25T23:04,iso8601,2025-05-26T12:07,iso8601,46976.94,s,2483.22,s,4.55,,8.7,,24.9,mm,6.7,mm,0.0,cm,31.9,mm,18.0,h,93,%,13.5,km/h,30.6,km/h,177,°,9.68,MJ/m²,2.16,mm
2025-05-20,iso8601,15.875,94.75,5.054235458374023,0,GMT,GMT,3.0,95,wmo code,31.2,°C,28.5,°C,37.8,°C,34.6,°C,2025-05-19T23:10,iso8601,2025-05-20T12:05,iso8601,46512.05,s,38132.86,s,8.65,,9.1,,0.0,mm,2.2,mm,0.0,cm,2.2,mm,2.0,h,25,%,14.0,km/h,24.1,km/h,184,°,21.46,MJ/m²,4.61,mm
2025-05-21,iso8601,15.875,94.75,5.054235458374023,0,GMT,GMT,3.0,80,wmo code,31.2,°C,28.7,°C,38.7,°C,35.3,°C,2025-05-20T23:09,iso8601,2025-05-21T12:05,iso8601,46544.52,s,39605.64,s,8.45,,9.05,,0.0,mm,2.3,mm,0.0,cm,2.3,mm,8.0,h,40,%,15.2,km/h,25.9,km/h,192,°,23.73,MJ/m²,4.88,mm
2025-05-22,iso8601,15.875,94.75,5.054235458374023,0,GMT,GMT,3.0,95,wmo code,30.6,°C,28.6,°C,38.9,°C,35.3,°C,2025-05-21T23:09,iso8601,2025-05-22T12:05,iso8601,46576.08,s,36382.62,s,8.1,,9.1,,0.0,mm,7.8,mm,0.0,cm,7.8,mm,10.0,h,53,%,12.9,km/h,22.7,km/h,220,°,22.5,MJ/m²,4.59,mm
2025-05-23,iso8601,15.875,94.75,5.054235458374023,0,GMT,GMT,3.0,95,wmo code,30.2,°C,28.5,°C,37.5,°C,35.2,°C,2025-05-22T23:09,iso8601,2025-05-23T12:06,iso8601,46606.68,s,31083.87,s,8.7,,9.1,,0.0,mm,12.6,mm,0.0,cm,12.6,mm,19.0,h,58,%,14.6,km/h,27.0,km/h,211,°,19.72,MJ/m²,4.01,mm
2025-05-24,iso8601,15.875,94.75,5.054235458374023,0,GMT,GMT,3.0,96,wmo code,30.6,°C,28.5,°C,38.0,°C,34.2,°C,2025-05-23T23:09,iso8601,2025-05-24T12:06,iso8601,46636.28,s,33225.49,s,5.4,,9.1,,0.0,mm,13.2,mm,0.0,cm,13.2,mm,17.0,h,79,%,14.3,km/h,26.3,km/h,189,°,19.58,MJ/m²,4.01,mm
2025-05-25,iso8601,15.875,94.75,5.054235458374023,0,GMT,GMT,3.0,95,wmo code,29.5,°C,27.8,°C,36.0,°C,32.1,°C,2025-05-24T23:09,iso8601,2025-05-25T12:06,iso8601,46664.84,s,31338.13,s,0.8,,8.6,,0.3,mm,22.5,mm,0.0,cm,22.8,mm,22.0,h,98,%,19.5,km/h,34.9,km/h,214,°,14.58,MJ/m²,3.17,mm
2025-05-26,iso8601,15.875,94.75,5.054235458374023,0,GMT,GMT,3.0,95,wmo code,29.5,°C,27.7,°C,35.1,°C,31.4,°C,2025-05-25T23:09,iso8601,2025-05-26T12:07,iso8601,46692.31,s,19534.26,s,5.65,,8.6,,3.0,mm,10.5,mm,0.0,cm,14.1,mm,15.0,h,95,%,21.7,km/h,39.6,km/h,214,°,13.16,MJ/m²,3.27,mm
2025-05-20,iso8601,16.25,94.75,0.1971721649169922,0,GMT,GMT,4.0,3,wmo code,32.4,°C,27.0,°C,38.0,°C,34.2,°C,2025-05-19T23:09,iso8601,2025-05-20T12:05,iso8601,46584.74,s,32470.13,s,8.55,,9.1,,0.0,mm,0.1,mm,0.0,cm,0.1,mm,1.0,h,35,%,13.6,km/h,25.2,km/h,181,°,17.28,MJ/m²,3.87,mm
2025-05-21,iso8601,16.25,94.75,0.1971721649169922,0,GMT,GMT,4.0,95,wmo code,33.0,°C,27.2,°C,39.3,°C,34.4,°C,2025-05-20T23:09,iso8601,2025-05-21T12:06,iso8601,46618.01,s,34222.96,s,7.9,,9.1,,0.0,mm,5.0,mm,0.0,cm,5.0,mm,8.0,h,58,%,14.4,km/h,27.0,km/h,183,°,18.98,MJ/m²,4.16,mm
2025-05-22,iso8601,16.25,94.75,0.1971721649169922,0,GMT,GMT,4.0,95,wmo code,32.9,°C,27.3,°C,40.9,°C,34.6,°C,2025-05-21T23:09,iso8601,2025-05-22T12:06,iso8601,46650.35,s,33640.91,s,5.25,,9.1,,0.0,mm,4.8,mm,0.0,cm,4.8,mm,8.0,h,73,%,12.9,km/h,27.7,km/h,210,°,19.98,MJ/m²,4.29,mm
2025-05-23,iso8601,16.25,94.75,0.1971721649169922,0,GMT,GMT,4.0,96,wmo code,32.0,°C,27.1,°C,39.2,°C,34.4,°C,2025-05-22T23:08,iso8601,2025-05-23T12:06,iso8601,46681.71,s,29220.33,s,7.8,,9.1,,0.0,mm,13.2,mm,0.0,cm,13.2,mm,18.0,h,85,%,14.5,km/h,28.1,km/h,200,°,18.98,MJ/m²,3.97,mm
2025-05-24,iso8601,16.25,94.75,0.1971721649169922,0,GMT,GMT,4.0,96,wmo code,31.9,°C,27.3,°C,39.3,°C,34.3,°C,2025-05-23T23:08,iso8601,2025-05-24T12:07,iso8601,46712.05,s,32085.61,s,8.75,,9.1,,0.0,mm,13.9,mm,0.0,cm,13.9,mm,14.0,h,93,%,14.3,km/h,25.9,km/h,174,°,18.29,MJ/m²,3.88,mm
2025-05-25,iso8601,16.25,94.75,0.1971721649169922,0,GMT,GMT,4.0,95,wmo code,31.1,°C,27.0,°C,37.7,°C,32.5,°C,2025-05-24T23:08,iso8601,2025-05-25T12:07,iso8601,46741.31,s,28291.99,s,1.05,,8.65,,0.0,mm,25.7,mm,0.0,cm,25.7,mm,22.0,h,98,%,13.5,km/h,26.3,km/h,193,°,14.87,MJ/m²,3.15,mm
2025-05-26,iso8601,16.25,94.75,0.1971721649169922,0,GMT,GMT,4.0,95,wmo code,31.2,°C,26.3,°C,36.4,°C,32.2,°C,2025-05-25T23:08,iso8601,2025-05-26T12:07,iso8601,46769.47,s,18751.64,s,6.35,,8.65,,3.3,mm,6.9,mm,0.0,cm,10.2,mm,12.0,h,94,%,16.1,km/h,30.6,km/h,197,°,14.34,MJ/m²,3.24,mm
2025-05-20,iso8601,16.125,94.75,1.2618303298950195,0,GMT,GMT,7.0,3,wmo code,32.1,°C,27.4,°C,37.5,°C,34.5,°C,2025-05-19T23:09,iso8601,2025-05-20T12:05,iso8601,46560.47,s,28728.07,s,8.6,,9.15,,0.0,mm,0.2,mm,0.0,cm,0.2,mm,2.0,h,35,%,14.0,km/h,25.6,km/h,178,°,17.14,MJ/m²,3.81,mm
2025-05-21,iso8601,16.125,94.75,1.2618303298950195,0,GMT,GMT,7.0,95,wmo code,32.5,°C,27.6,°C,38.9,°C,34.7,°C,2025-05-20T23:09,iso8601,2025-05-21T12:05,iso8601,46593.48,s,32912.69,s,7.8,,9.1,,0.0,mm,4.3,mm,0.0,cm,4.4,mm,10.0,h,58,%,14.4,km/h,28.1,km/h,181,°,19.48,MJ/m²,4.22,mm
2025-05-22,iso8601,16.125,94.75,1.2618303298950195,0,GMT,GMT,7.0,95,wmo code,32.4,°C,27.7,°C,40.5,°C,35.1,°C,2025-05-21T23:09,iso8601,2025-05-22T12:06,iso8601,46625.56,s,33887.82,s,6.45,,9.15,,0.0,mm,4.6,mm,0.0,cm,4.6,mm,7.0,h,73,%,13.3,km/h,26.3,km/h,210,°,20.37,MJ/m²,4.32,mm
2025-05-23,iso8601,16.125,94.75,1.2618303298950195,0,GMT,GMT,7.0,96,wmo code,31.5,°C,27.4,°C,38.3,°C,34.7,°C,2025-05-22T23:09,iso8601,2025-05-23T12:06,iso8601,46656.66,s,29544.63,s,8.15,,9.15,,0.0,mm,11.1,mm,0.0,cm,11.1,mm,18.0,h,85,%,16.0,km/h,30.2,km/h,200,°,19.23,MJ/m²,3.99,mm
2025-05-24,iso8601,16.125,94.75,1.2618303298950195,0,GMT,GMT,7.0,96,wmo code,31.5,°C,27.5,°C,38.7,°C,34.3,°C,2025-05-23T23:08,iso8601,2025-05-24T12:06,iso8601,46686.75,s,31576.82,s,9.0,,9.15,,0.0,mm,13.4,mm,0.0,cm,13.4,mm,14.0,h,93,%,14.1,km/h,25.9,km/h,173,°,18.29,MJ/m²,3.87,mm
2025-05-25,iso8601,16.125,94.75,1.2618303298950195,0,GMT,GMT,7.0,96,wmo code,31.0,°C,27.1,°C,37.6,°C,32.6,°C,2025-05-24T23:08,iso8601,2025-05-25T12:07,iso8601,46715.78,s,27348.41,s,0.5,,8.65,,0.0,mm,25.6,mm,0.0,cm,25.6,mm,22.0,h,98,%,13.0,km/h,27.7,km/h,196,°,14.64,MJ/m²,3.11,mm
2025-05-26,iso8601,16.125,94.75,1.2618303298950195,0,GMT,GMT,7.0,95,wmo code,30.9,°C,26.3,°C,35.9,°C,32.3,°C,2025-05-25T23:08,iso8601,2025-05-26T12:07,iso8601,46743.71,s,18328.56,s,6.85,,8.65,,3.0,mm,6.0,mm,0.0,cm,9.3,mm,12.0,h,94,%,15.1,km/h,31.7,km/h,197,°,13.83,MJ/m²,3.16,mm
2025-05-20,iso8601,15.875,94.75,0.16224384307861328,0,GMT,GMT,3.0,95,wmo code,31.2,°C,28.5,°C,37.8,°C,34.6,°C,2025-05-19T23:10,iso8601,2025-05-20T12:05,iso8601,46512.05,s,38132.86,s,8.65,,9.1,,0.0,mm,2.2,mm,0.0,cm,2.2,mm,2.0,h,25,%,14.0,km/h,24.1,km/h,184,°,21.46,MJ/m²,4.61,mm
2025-05-21,iso8601,15.875,94.75,0.16224384307861328,0,GMT,GMT,3.0,80,wmo code,31.2,°C,28.7,°C,38.7,°C,35.3,°C,2025-05-20T23:09,iso8601,2025-05-21T12:05,iso8601,46544.52,s,39605.64,s,8.45,,9.05,,0.0,mm,2.3,mm,0.0,cm,2.3,mm,8.0,h,40,%,15.2,km/h,25.9,km/h,192,°,23.73,MJ/m²,4.88,mm
2025-05-22,iso8601,15.875,94.75,0.16224384307861328,0,GMT,GMT,3.0,95,wmo code,30.6,°C,28.6,°C,38.9,°C,35.3,°C,2025-05-21T23:09,iso8601,2025-05-22T12:05,iso8601,46576.08,s,36382.62,s,8.1,,9.1,,0.0,mm,7.8,mm,0.0,cm,7.8,mm,10.0,h,53,%,12.9,km/h,22.7,km/h,220,°,22.5,MJ/m²,4.59,mm
2025-05-23,iso8601,15.875,94.75,0.16224384307861328,0,GMT,GMT,3.0,95,wmo code,30.2,°C,28.5,°C,37.5,°C,35.2,°C,2025-05-22T23:09,iso8601,2025-05-23T12:06,iso8601,46606.68,s,31083.87,s,8.7,,9.1,,0.0,mm,12.6,mm,0.0,cm,12.6,mm,19.0,h,58,%,14.6,km/h,27.0,km/h,211,°,19.72,MJ/m²,4.01,mm
2025-05-24,iso8601,15.875,94.75,0.16224384307861328,0,GMT,GMT,3.0,96,wmo code,30.6,°C,28.5,°C,38.0,°C,34.2,°C,2025-05-23T23:09,iso8601,2025-05-24T12:06,iso8601,46636.28,s,33225.49,s,5.4,,9.1,,0.0,mm,13.2,mm,0.0,cm,13.2,mm,17.0,h,79,%,14.3,km/h,26.3,km/h,189,°,19.58,MJ/m²,4.01,mm
2025-05-25,iso8601,15.875,94.75,0.16224384307861328,0,GMT,GMT,3.0,95,wmo code,29.5,°C,27.8,°C,36.0,°C,32.1,°C,2025-05-24T23:09,iso8601,2025-05-25T12:06,iso8601,46664.84,s,31338.13,s,0.8,,8.6,,0.3,mm,22.5,mm,0.0,cm,22.8,mm,22.0,h,98,%,19.5,km/h,34.9,km/h,214,°,14.58,MJ/m²,3.17,mm
2025-05-26,iso8601,15.875,94.75,0.16224384307861328,0,GMT,GMT,3.0,95,wmo code,29.5,°C,27.7,°C,35.1,°C,31.4,°C,2025-05-25T23:09,iso8601,2025-05-26T12:07,iso8601,46692.31,s,19534.26,s,5.65,,8.6,,3.0,mm,10.5,mm,0.0,cm,14.1,mm,15.0,h,95,%,21.7,km/h,39.6,km/h,214,°,13.16,MJ/m²,3.27,mm
2025-05-20,iso8601,17.625,95.125,0.41222572326660156,0,GMT,GMT,10.0,95,wmo code,35.3,°C,26.0,°C,41.3,°C,32.5,°C,2025-05-19T23:05,iso8601,2025-05-20T12:06,iso8601,46854.05,s,36372.71,s,8.5,,9.15,,0.0,mm,1.4,mm,0.0,cm,1.4,mm,4.0,h,35,%,11.1,km/h,21.2,km/h,196,°,21.37,MJ/m²,4.9,mm
2025-05-21,iso8601,17.625,95.125,0.41222572326660156,0,GMT,GMT,10.0,95,wmo code,35.0,°C,26.2,°C,41.0,°C,32.6,°C,2025-05-20T23:05,iso8601,2025-05-21T12:06,iso8601,46890.32,s,39600.0,s,8.95,,9.15,,0.0,mm,3.5,mm,0.0,cm,3.5,mm,7.0,h,63,%,12.1,km/h,26.6,km/h,201,°,21.4,MJ/m²,4.85,mm
2025-05-22,iso8601,17.625,95.125,0.41222572326660156,0,GMT,GMT,10.0,95,wmo code,34.3,°C,26.2,°C,41.0,°C,32.8,°C,2025-05-21T23:05,iso8601,2025-05-22T12:07,iso8601,46925.57,s,38954.87,s,8.7,,9.15,,0.0,mm,2.9,mm,0.0,cm,2.9,mm,5.0,h,68,%,14.2,km/h,28.8,km/h,229,°,21.06,MJ/m²,4.74,mm
2025-05-23,iso8601,17.625,95.125,0.41222572326660156,0,GMT,GMT,10.0,96,wmo code,34.2,°C,26.5,°C,41.7,°C,33.3,°C,2025-05-22T23:05,iso8601,2025-05-23T12:07,iso8601,46959.75,s,37135.29,s,8.65,,9.15,,0.0,mm,6.9,mm,0.0,cm,6.9,mm,15.0,h,73,%,17.6,km/h,33.5,km/h,207,°,21.36,MJ/m²,4.65,mm
2025-05-24,iso8601,17.625,95.125,0.41222572326660156,0,GMT,GMT,10.0,95,wmo code,34.7,°C,26.5,°C,41.7,°C,33.6,°C,2025-05-23T23:04,iso8601,2025-05-24T12:07,iso8601,46992.81,s,37306.5,s,7.8,,9.15,,0.0,mm,15.2,mm,0.0,cm,15.2,mm,14.0,h,86,%,12.8,km/h,25.2,km/h,172,°,19.94,MJ/m²,4.46,mm
2025-05-25,iso8601,17.625,95.125,0.41222572326660156,0,GMT,GMT,10.0,96,wmo code,32.2,°C,26.0,°C,39.2,°C,32.3,°C,2025-05-24T23:04,iso8601,2025-05-25T12:08,iso8601,47024.71,s,32672.39,s,6.6,,8.7,,0.0,mm,24.8,mm,0.0,cm,24.8,mm,24.0,h,96,%,9.7,km/h,25.6,km/h,157,°,15.17,MJ/m²,3.24,mm
2025-05-26,iso8601,17.625,95.125,0.41222572326660156,0,GMT,GMT,10.0,80,wmo code,29.0,°C,25.0,°C,34.9,°C,30.3,°C,2025-05-25T23:04,iso8601,2025-05-26T12:08,iso8601,47055.41,s,0.0,s,4.95,,8.7,,15.6,mm,9.2,mm,0.0,cm,24.8,mm,24.0,h,95,%,12.7,km/h,26.3,km/h,172,°,7.59,MJ/m²,1.72,mm
2025-05-20,iso8601,16.75,95.625,0.30672550201416016,0,GMT,GMT,6.0,80,wmo code,33.6,°C,26.4,°C,40.3,°C,33.3,°C,2025-05-19T23:05,iso8601,2025-05-20T12:03,iso8601,46682.15,s,35875.12,s,9.0,,9.1,,0.0,mm,1.3,mm,0.0,cm,1.3,mm,2.0,h,53,%,11.2,km/h,22.3,km/h,180,°,20.1,MJ/m²,4.41,mm
2025-05-21,iso8601,16.75,95.625,0.30672550201416016,0,GMT,GMT,6.0,95,wmo code,33.8,°C,26.3,°C,40.3,°C,33.4,°C,2025-05-20T23:04,iso8601,2025-05-21T12:03,iso8601,46716.51,s,36445.54,s,8.1,,9.1,,0.0,mm,7.5,mm,0.0,cm,7.5,mm,6.0,h,63,%,11.6,km/h,23.8,km/h,182,°,19.98,MJ/m²,4.37,mm
2025-05-22,iso8601,16.75,95.625,0.30672550201416016,0,GMT,GMT,6.0,95,wmo code,34.3,°C,26.6,°C,41.9,°C,33.8,°C,2025-05-21T23:04,iso8601,2025-05-22T12:03,iso8601,46749.89,s,39750.21,s,8.75,,9.1,,0.0,mm,5.7,mm,0.0,cm,5.7,mm,7.0,h,80,%,10.5,km/h,21.2,km/h,218,°,21.73,MJ/m²,4.71,mm
2025-05-23,iso8601,16.75,95.625,0.30672550201416016,0,GMT,GMT,6.0,96,wmo code,33.9,°C,26.7,°C,41.6,°C,33.9,°C,2025-05-22T23:04,iso8601,2025-05-23T12:04,iso8601,46782.27,s,36630.87,s,8.5,,9.1,,0.0,mm,7.5,mm,0.0,cm,7.5,mm,9.0,h,80,%,12.6,km/h,25.2,km/h,196,°,20.3,MJ/m²,4.36,mm
2025-05-24,iso8601,16.75,95.625,0.30672550201416016,0,GMT,GMT,6.0,95,wmo code,33.9,°C,26.7,°C,41.5,°C,33.6,°C,2025-05-23T23:04,iso8601,2025-05-24T12:04,iso8601,46813.59,s,42825.33,s,7.55,,9.1,,0.0,mm,10.2,mm,0.0,cm,10.2,mm,9.0,h,89,%,13.0,km/h,30.2,km/h,162,°,20.44,MJ/m²,4.4,mm
2025-05-25,iso8601,16.75,95.625,0.30672550201416016,0,GMT,GMT,6.0,95,wmo code,31.8,°C,26.2,°C,38.8,°C,32.6,°C,2025-05-24T23:04,iso8601,2025-05-25T12:04,iso8601,46843.82,s,36041.38,s,5.1,,8.65,,0.0,mm,18.4,mm,0.0,cm,18.4,mm,20.0,h,90,%,10.0,km/h,23.4,km/h,157,°,15.32,MJ/m²,3.26,mm
2025-05-26,iso8601,16.75,95.625,0.30672550201416016,0,GMT,GMT,6.0,81,wmo code,30.1,°C,25.9,°C,34.6,°C,31.3,°C,2025-05-25T23:04,iso8601,2025-05-26T12:05,iso8601,46872.89,s,20710.47,s,3.9,,8.65,,2.7,mm,4.6,mm,0.0,cm,7.6,mm,15.0,h,88,%,14.5,km/h,29.5,km/h,172,°,13.42,MJ/m²,2.96,mm
2025-05-20,iso8601,16.375,95.25,0.15532970428466797,0,GMT,GMT,3.0,80,wmo code,33.0,°C,26.7,°C,39.9,°C,33.6,°C,2025-05-19T23:07,iso8601,2025-05-20T12:03,iso8601,46609.04,s,35361.64,s,8.6,,9.1,,0.0,mm,1.2,mm,0.0,cm,1.2,mm,3.0,h,73,%,10.9,km/h,21.6,km/h,172,°,19.45,MJ/m²,4.28,mm
2025-05-21,iso8601,16.375,95.25,0.15532970428466797,0,GMT,GMT,3.0,95,wmo code,33.8,°C,26.7,°C,41.1,°C,33.8,°C,2025-05-20T23:07,iso8601,2025-05-21T12:04,iso8601,46642.58,s,32864.9,s,8.8,,9.1,,0.0,mm,5.8,mm,0.0,cm,5.8,mm,7.0,h,70,%,12.3,km/h,24.5,km/h,182,°,19.75,MJ/m²,4.33,mm
2025-05-22,iso8601,16.375,95.25,0.15532970428466797,0,GMT,GMT,3.0,96,wmo code,33.6,°C,26.8,°C,41.4,°C,34.1,°C,2025-05-21T23:06,iso8601,2025-05-22T12:04,iso8601,46675.18,s,33250.32,s,5.25,,9.1,,0.0,mm,4.5,mm,0.0,cm,4.5,mm,7.0,h,78,%,11.8,km/h,23.8,km/h,218,°,20.92,MJ/m²,4.51,mm
2025-05-23,iso8601,16.375,95.25,0.15532970428466797,0,GMT,GMT,3.0,80,wmo code,33.4,°C,26.8,°C,41.0,°C,34.0,°C,2025-05-22T23:06,iso8601,2025-05-23T12:04,iso8601,46706.79,s,31097.05,s,8.05,,9.1,,0.0,mm,12.3,mm,0.0,cm,12.3,mm,15.0,h,93,%,11.3,km/h,25.6,km/h,195,°,18.87,MJ/m²,4.04,mm
2025-05-24,iso8601,16.375,95.25,0.15532970428466797,0,GMT,GMT,3.0,95,wmo code,33.0,°C,26.9,°C,40.8,°C,34.1,°C,2025-05-23T23:06,iso8601,2025-05-24T12:05,iso8601,46737.38,s,33770.81,s,7.15,,9.1,,0.0,mm,12.6,mm,0.0,cm,12.6,mm,9.0,h,90,%,11.6,km/h,22.7,km/h,169,°,18.21,MJ/m²,3.93,mm
2025-05-25,iso8601,16.375,95.25,0.15532970428466797,0,GMT,GMT,3.0,95,wmo code,31.7,°C,26.6,°C,38.6,°C,32.4,°C,2025-05-24T23:06,iso8601,2025-05-25T12:05,iso8601,46766.88,s,28920.48,s,2.9,,8.6,,0.0,mm,22.2,mm,0.0,cm,22.2,mm,23.0,h,98,%,10.6,km/h,20.5,km/h,184,°,13.73,MJ/m²,2.92,mm
2025-05-26,iso8601,16.375,95.25,0.15532970428466797,0,GMT,GMT,3.0,80,wmo code,30.1,°C,25.9,°C,34.5,°C,31.5,°C,2025-05-25T23:06,iso8601,2025-05-26T12:05,iso8601,46795.27,s,17928.96,s,3.45,,8.6,,0.9,mm,4.5,mm,0.0,cm,5.4,mm,10.0,h,88,%,12.4,km/h,24.5,km/h,179,°,11.66,MJ/m²,2.56,mm
2025-05-20,iso8601,18.125,95.25,1.3604164123535156,0,GMT,GMT,30.0,80,wmo code,34.7,°C,26.1,°C,40.5,°C,32.3,°C,2025-05-19T23:04,iso8601,2025-05-20T12:06,iso8601,46953.14,s,38162.72,s,8.15,,9.15,,0.0,mm,0.4,mm,0.0,cm,0.4,mm,2.0,h,23,%,10.2,km/h,20.5,km/h,180,°,22.41,MJ/m²,5.17,mm
2025-05-21,iso8601,18.125,95.25,1.3604164123535156,0,GMT,GMT,30.0,80,wmo code,35.3,°C,26.2,°C,41.1,°C,32.4,°C,2025-05-20T23:04,iso8601,2025-05-21T12:07,iso8601,46990.51,s,37424.4,s,9.15,,9.15,,0.0,mm,2.9,mm,0.0,cm,2.9,mm,5.0,h,45,%,12.2,km/h,25.2,km/h,184,°,22.7,MJ/m²,5.18,mm
2025-05-22,iso8601,18.125,95.25,1.3604164123535156,0,GMT,GMT,30.0,95,wmo code,35.0,°C,26.1,°C,41.8,°C,32.3,°C,2025-05-21T23:03,iso8601,2025-05-22T12:07,iso8601,47026.83,s,34169.05,s,9.15,,9.15,,0.0,mm,2.5,mm,0.0,cm,2.5,mm,4.0,h,75,%,12.6,km/h,27.7,km/h,194,°,21.21,MJ/m²,4.85,mm
2025-05-23,iso8601,18.125,95.25,1.3604164123535156,0,GMT,GMT,30.0,96,wmo code,34.3,°C,26.6,°C,41.5,°C,32.9,°C,2025-05-22T23:03,iso8601,2025-05-23T12:07,iso8601,47062.05,s,39303.88,s,9.1,,9.15,,0.0,mm,7.2,mm,0.0,cm,7.2,mm,9.0,h,78,%,13.8,km/h,28.8,km/h,180,°,21.74,MJ/m²,4.82,mm
2025-05-24,iso8601,18.125,95.25,1.3604164123535156,0,GMT,GMT,30.0,96,wmo code,35.0,°C,26.4,°C,41.1,°C,32.8,°C,2025-05-23T23:03,iso8601,2025-05-24T12:08,iso8601,47096.12,s,40153.68,s,8.95,,9.15,,0.0,mm,8.1,mm,0.0,cm,8.1,mm,9.0,h,81,%,13.1,km/h,29.2,km/h,167,°,20.75,MJ/m²,4.74,mm
2025-05-25,iso8601,18.125,95.25,1.3604164123535156,0,GMT,GMT,30.0,95,wmo code,32.5,°C,25.9,°C,39.2,°C,31.7,°C,2025-05-24T23:03,iso8601,2025-05-25T12:08,iso8601,47128.99,s,33034.52,s,7.05,,8.7,,0.0,mm,16.5,mm,0.0,cm,16.5,mm,23.0,h,90,%,11.7,km/h,25.6,km/h,162,°,16.6,MJ/m²,3.62,mm
2025-05-26,iso8601,18.125,95.25,1.3604164123535156,0,GMT,GMT,30.0,95,wmo code,28.2,°C,25.0,°C,33.3,°C,29.9,°C,2025-05-25T23:03,iso8601,2025-05-26T12:08,iso8601,47160.62,s,0.0,s,4.15,,8.7,,6.4,mm,11.6,mm,0.0,cm,18.0,mm,21.0,h,89,%,14.1,km/h,32.0,km/h,164,°,7.73,MJ/m²,1.71,mm
2025-05-20,iso8601,18.25,95.375,0.17547607421875,0,GMT,GMT,24.0,95,wmo code,34.4,°C,26.9,°C,40.4,°C,33.4,°C,2025-05-19T23:03,iso8601,2025-05-20T12:06,iso8601,46978.02,s,38644.03,s,8.35,,9.15,,0.0,mm,1.6,mm,0.0,cm,1.6,mm,2.0,h,25,%,10.7,km/h,21.2,km/h,177,°,22.72,MJ/m²,5.17,mm
2025-05-21,iso8601,18.25,95.375,0.17547607421875,0,GMT,GMT,24.0,95,wmo code,34.7,°C,26.8,°C,40.6,°C,33.2,°C,2025-05-20T23:03,iso8601,2025-05-21T12:06,iso8601,47015.67,s,40527.41,s,9.15,,9.15,,0.0,mm,4.0,mm,0.0,cm,4.0,mm,4.0,h,50,%,11.2,km/h,22.7,km/h,175,°,22.62,MJ/m²,5.07,mm
2025-05-22,iso8601,18.25,95.375,0.17547607421875,0,GMT,GMT,24.0,96,wmo code,34.4,°C,26.9,°C,41.4,°C,33.1,°C,2025-05-21T23:03,iso8601,2025-05-22T12:07,iso8601,47052.25,s,34930.3,s,9.15,,9.15,,0.0,mm,3.9,mm,0.0,cm,3.9,mm,5.0,h,73,%,11.1,km/h,23.4,km/h,185,°,21.21,MJ/m²,4.7,mm
2025-05-23,iso8601,18.25,95.375,0.17547607421875,0,GMT,GMT,24.0,80,wmo code,33.9,°C,27.1,°C,41.3,°C,33.4,°C,2025-05-22T23:02,iso8601,2025-05-23T12:07,iso8601,47087.73,s,39838.83,s,9.15,,9.15,,0.0,mm,6.0,mm,0.0,cm,6.0,mm,9.0,h,75,%,12.3,km/h,24.5,km/h,174,°,22.09,MJ/m²,4.94,mm
2025-05-24,iso8601,18.25,95.375,0.17547607421875,0,GMT,GMT,24.0,95,wmo code,34.8,°C,26.8,°C,41.4,°C,33.3,°C,2025-05-23T23:02,iso8601,2025-05-24T12:07,iso8601,47122.05,s,39455.21,s,8.7,,9.2,,0.0,mm,9.0,mm,0.0,cm,9.0,mm,9.0,h,72,%,13.8,km/h,26.6,km/h,163,°,21.56,MJ/m²,4.89,mm
2025-05-25,iso8601,18.25,95.375,0.17547607421875,0,GMT,GMT,24.0,96,wmo code,32.5,°C,26.3,°C,39.1,°C,32.0,°C,2025-05-24T23:02,iso8601,2025-05-25T12:08,iso8601,47155.17,s,34213.95,s,7.65,,8.75,,0.0,mm,18.3,mm,0.0,cm,18.3,mm,20.0,h,91,%,11.8,km/h,25.9,km/h,158,°,17.78,MJ/m²,3.88,mm
2025-05-26,iso8601,18.25,95.375,0.17547607421875,0,GMT,GMT,24.0,81,wmo code,28.1,°C,25.0,°C,33.4,°C,29.7,°C,2025-05-25T23:02,iso8601,2025-05-26T12:08,iso8601,47187.03,s,193.75,s,5.0,,8.75,,6.1,mm,14.5,mm,0.0,cm,21.1,mm,24.0,h,90,%,14.2,km/h,30.6,km/h,157,°,7.58,MJ/m²,1.74,mm
2025-05-20,iso8601,18.25,95.375,0.29671192169189453,0,GMT,GMT,29.0,95,wmo code,34.4,°C,26.9,°C,40.4,°C,33.3,°C,2025-05-19T23:03,iso8601,2025-05-20T12:06,iso8601,46978.02,s,38644.03,s,8.4,,9.15,,0.0,mm,1.6,mm,0.0,cm,1.6,mm,2.0,h,30,%,10.7,km/h,21.2,km/h,177,°,22.72,MJ/m²,5.17,mm
2025-05-21,iso8601,18.25,95.375,0.29671192169189453,0,GMT,GMT,29.0,95,wmo code,34.7,°C,26.8,°C,40.5,°C,33.2,°C,2025-05-20T23:03,iso8601,2025-05-21T12:06,iso8601,47015.67,s,40527.41,s,9.15,,9.15,,0.0,mm,4.0,mm,0.0,cm,4.0,mm,4.0,h,45,%,11.2,km/h,22.7,km/h,175,°,22.62,MJ/m²,5.07,mm
2025-05-22,iso8601,18.25,95.375,0.29671192169189453,0,GMT,GMT,29.0,96,wmo code,34.3,°C,26.9,°C,41.4,°C,33.0,°C,2025-05-21T23:03,iso8601,2025-05-22T12:07,iso8601,47052.25,s,34930.3,s,9.15,,9.15,,0.0,mm,3.9,mm,0.0,cm,3.9,mm,5.0,h,48,%,11.1,km/h,23.4,km/h,185,°,21.21,MJ/m²,4.7,mm
2025-05-23,iso8601,18.25,95.375,0.29671192169189453,0,GMT,GMT,29.0,80,wmo code,33.9,°C,27.1,°C,41.3,°C,33.3,°C,2025-05-22T23:02,iso8601,2025-05-23T12:07,iso8601,47087.73,s,39838.83,s,9.15,,9.15,,0.0,mm,6.0,mm,0.0,cm,6.0,mm,9.0,h,58,%,12.3,km/h,24.5,km/h,174,°,22.09,MJ/m²,4.93,mm
2025-05-24,iso8601,18.25,95.375,0.29671192169189453,0,GMT,GMT,29.0,95,wmo code,34.8,°C,26.8,°C,41.4,°C,33.3,°C,2025-05-23T23:02,iso8601,2025-05-24T12:07,iso8601,47122.05,s,39455.21,s,9.15,,9.15,,0.0,mm,9.0,mm,0.0,cm,9.0,mm,9.0,h,68,%,13.8,km/h,26.6,km/h,163,°,21.56,MJ/m²,4.89,mm
2025-05-25,iso8601,18.25,95.375,0.29671192169189453,0,GMT,GMT,29.0,96,wmo code,32.4,°C,26.3,°C,39.0,°C,32.0,°C,2025-05-24T23:02,iso8601,2025-05-25T12:08,iso8601,47155.17,s,34213.95,s,7.55,,8.7,,0.0,mm,18.3,mm,0.0,cm,18.3,mm,20.0,h,80,%,11.8,km/h,25.9,km/h,158,°,17.78,MJ/m²,3.88,mm
2025-05-26,iso8601,18.25,95.375,0.29671192169189453,0,GMT,GMT,29.0,81,wmo code,28.1,°C,24.9,°C,33.3,°C,29.7,°C,2025-05-25T23:02,iso8601,2025-05-26T12:08,iso8601,47187.03,s,193.75,s,4.7,,8.7,,6.1,mm,14.5,mm,0.0,cm,21.1,mm,24.0,h,68,%,14.2,km/h,30.6,km/h,157,°,7.58,MJ/m²,1.74,mm
2025-05-20,iso8601,16.625,94.875,0.3464221954345703,0,GMT,GMT,8.0,95,wmo code,33.7,°C,26.3,°C,40.1,°C,33.0,°C,2025-05-19T23:08,iso8601,2025-05-20T12:05,iso8601,46657.74,s,36992.34,s,8.6,,9.1,,0.0,mm,2.0,mm,0.0,cm,2.0,mm,3.0,h,65,%,11.2,km/h,22.3,km/h,180,°,19.9,MJ/m²,4.37,mm
2025-05-21,iso8601,16.625,94.875,0.3464221954345703,0,GMT,GMT,8.0,95,wmo code,34.0,°C,26.3,°C,41.0,°C,33.2,°C,2025-05-20T23:08,iso8601,2025-05-21T12:06,iso8601,46691.82,s,35641.44,s,8.95,,9.1,,0.0,mm,7.5,mm,0.0,cm,7.5,mm,7.0,h,73,%,12.7,km/h,27.0,km/h,181,°,21.05,MJ/m²,4.61,mm
2025-05-22,iso8601,16.625,94.875,0.3464221954345703,0,GMT,GMT,8.0,96,wmo code,33.8,°C,26.4,°C,41.7,°C,33.4,°C,2025-05-21T23:07,iso8601,2025-05-22T12:06,iso8601,46724.96,s,32169.38,s,8.55,,9.1,,0.0,mm,6.9,mm,0.0,cm,6.9,mm,7.0,h,80,%,11.7,km/h,25.9,km/h,215,°,20.43,MJ/m²,4.35,mm
2025-05-23,iso8601,16.625,94.875,0.3464221954345703,0,GMT,GMT,8.0,80,wmo code,33.5,°C,26.4,°C,40.6,°C,33.4,°C,2025-05-22T23:07,iso8601,2025-05-23T12:06,iso8601,46757.07,s,35038.61,s,8.65,,9.1,,0.0,mm,9.3,mm,0.0,cm,9.3,mm,9.0,h,90,%,10.5,km/h,28.8,km/h,196,°,18.9,MJ/m²,4.06,mm
2025-05-24,iso8601,16.625,94.875,0.3464221954345703,0,GMT,GMT,8.0,96,wmo code,33.5,°C,26.7,°C,41.2,°C,33.7,°C,2025-05-23T23:07,iso8601,2025-05-24T12:07,iso8601,46788.15,s,38469.21,s,8.45,,9.1,,0.0,mm,12.9,mm,0.0,cm,12.9,mm,11.0,h,90,%,13.9,km/h,28.8,km/h,171,°,20.8,MJ/m²,4.48,mm
2025-05-25,iso8601,16.625,94.875,0.3464221954345703,0,GMT,GMT,8.0,95,wmo code,31.7,°C,26.6,°C,38.6,°C,32.5,°C,2025-05-24T23:07,iso8601,2025-05-25T12:07,iso8601,46818.13,s,28602.29,s,6.6,,8.6,,0.0,mm,20.7,mm,0.0,cm,20.7,mm,24.0,h,98,%,9.8,km/h,22.0,km/h,178,°,14.45,MJ/m²,3.1,mm
2025-05-26,iso8601,16.625,94.875,0.3464221954345703,0,GMT,GMT,8.0,80,wmo code,31.3,°C,25.9,°C,35.8,°C,31.9,°C,2025-05-25T23:07,iso8601,2025-05-26T12:07,iso8601,46846.98,s,11638.31,s,5.65,,8.6,,4.2,mm,7.5,mm,0.0,cm,11.7,mm,16.0,h,90,%,11.6,km/h,24.5,km/h,187,°,11.12,MJ/m²,2.53,mm
2025-05-20,iso8601,16.0,94.375,0.3420114517211914,0,GMT,GMT,6.0,95,wmo code,30.8,°C,28.4,°C,37.0,°C,34.6,°C,2025-05-19T23:11,iso8601,2025-05-20T12:06,iso8601,46536.25,s,19503.92,s,8.7,,9.1,,0.0,mm,3.0,mm,0.0,cm,3.0,mm,3.0,h,25,%,14.4,km/h,23.8,km/h,180,°,17.49,MJ/m²,3.93,mm
2025-05-21,iso8601,16.0,94.375,0.3420114517211914,0,GMT,GMT,6.0,80,wmo code,31.3,°C,28.8,°C,37.6,°C,34.8,°C,2025-05-20T23:11,iso8601,2025-05-21T12:07,iso8601,46568.98,s,39600.0,s,7.05,,9.05,,0.0,mm,2.7,mm,0.0,cm,2.7,mm,7.0,h,33,%,16.9,km/h,28.4,km/h,189,°,21.85,MJ/m²,4.59,mm
2025-05-22,iso8601,16.0,94.375,0.3420114517211914,0,GMT,GMT,6.0,95,wmo code,30.7,°C,28.5,°C,37.8,°C,35.0,°C,2025-05-21T23:10,iso8601,2025-05-22T12:07,iso8601,46600.8,s,32018.66,s,8.3,,9.05,,0.0,mm,3.4,mm,0.0,cm,3.4,mm,10.0,h,63,%,12.9,km/h,24.1,km/h,214,°,18.92,MJ/m²,3.98,mm
2025-05-23,iso8601,16.0,94.375,0.3420114517211914,0,GMT,GMT,6.0,96,wmo code,30.0,°C,28.4,°C,36.8,°C,34.8,°C,2025-05-22T23:10,iso8601,2025-05-23T12:07,iso8601,46631.65,s,31251.04,s,9.1,,9.1,,0.0,mm,13.3,mm,0.0,cm,13.3,mm,19.0,h,53,%,15.5,km/h,28.1,km/h,211,°,19.06,MJ/m²,3.94,mm
2025-05-24,iso8601,16.0,94.375,0.3420114517211914,0,GMT,GMT,6.0,95,wmo code,30.3,°C,28.5,°C,37.1,°C,34.3,°C,2025-05-23T23:10,iso8601,2025-05-24T12:08,iso8601,46661.5,s,35643.08,s,9.1,,9.1,,0.0,mm,13.7,mm,0.0,cm,13.7,mm,14.0,h,77,%,13.3,km/h,27.7,km/h,187,°,18.77,MJ/m²,3.86,mm
2025-05-25,iso8601,16.0,94.375,0.3420114517211914,0,GMT,GMT,6.0,96,wmo code,29.6,°C,28.0,°C,36.3,°C,32.8,°C,2025-05-24T23:10,iso8601,2025-05-25T12:08,iso8601,46690.29,s,32664.46,s,3.25,,8.6,,0.3,mm,23.5,mm,0.0,cm,23.8,mm,22.0,h,98,%,18.3,km/h,32.8,km/h,208,°,15.14,MJ/m²,3.25,mm
2025-05-26,iso8601,16.0,94.375,0.3420114517211914,0,GMT,GMT,6.0,95,wmo code,29.5,°C,27.2,°C,35.0,°C,31.6,°C,2025-05-25T23:10,iso8601,2025-05-26T12:08,iso8601,46717.99,s,14291.25,s,7.2,,8.6,,5.3,mm,11.3,mm,0.0,cm,16.6,mm,17.0,h,95,%,20.2,km/h,37.4,km/h,215,°,12.18,MJ/m²,3.01,mm
2025-05-20,iso8601,16.5,94.75,0.1627206802368164,0,GMT,GMT,16.0,80,wmo code,33.0,°C,26.4,°C,39.1,°C,33.3,°C,2025-05-19T23:09,iso8601,2025-05-20T12:06,iso8601,46633.37,s,36282.41,s,8.25,,9.15,,0.0,mm,0.8,mm,0.0,cm,0.8,mm,3.0,h,48,%,12.0,km/h,23.8,km/h,183,°,19.65,MJ/m²,4.32,mm
2025-05-21,iso8601,16.5,94.75,0.1627206802368164,0,GMT,GMT,16.0,95,wmo code,33.9,°C,26.5,°C,41.2,°C,33.5,°C,2025-05-20T23:08,iso8601,2025-05-21T12:06,iso8601,46667.19,s,34268.07,s,4.35,,9.15,,0.0,mm,5.7,mm,0.0,cm,5.7,mm,8.0,h,65,%,13.2,km/h,25.9,km/h,182,°,21.37,MJ/m²,4.64,mm
2025-05-22,iso8601,16.5,94.75,0.1627206802368164,0,GMT,GMT,16.0,96,wmo code,32.9,°C,26.6,°C,40.6,°C,33.7,°C,2025-05-21T23:08,iso8601,2025-05-22T12:06,iso8601,46700.05,s,30090.74,s,8.1,,9.15,,0.0,mm,5.5,mm,0.0,cm,5.5,mm,9.0,h,73,%,12.7,km/h,26.6,km/h,211,°,18.91,MJ/m²,4.06,mm
2025-05-23,iso8601,16.5,94.75,0.1627206802368164,0,GMT,GMT,16.0,95,wmo code,32.6,°C,26.4,°C,39.4,°C,33.4,°C,2025-05-22T23:08,iso8601,2025-05-23T12:07,iso8601,46731.91,s,31644.06,s,8.45,,9.15,,0.0,mm,10.2,mm,0.0,cm,10.2,mm,15.0,h,85,%,13.2,km/h,25.2,km/h,200,°,18.86,MJ/m²,4.0,mm
2025-05-24,iso8601,16.5,94.75,0.1627206802368164,0,GMT,GMT,16.0,96,wmo code,32.9,°C,26.7,°C,40.6,°C,33.7,°C,2025-05-23T23:08,iso8601,2025-05-24T12:07,iso8601,46762.75,s,34748.54,s,9.05,,9.15,,0.0,mm,13.8,mm,0.0,cm,13.8,mm,14.0,h,93,%,14.1,km/h,27.0,km/h,174,°,19.93,MJ/m²,4.28,mm
2025-05-25,iso8601,16.5,94.75,0.1627206802368164,0,GMT,GMT,16.0,96,wmo code,31.0,°C,26.8,°C,38.0,°C,32.6,°C,2025-05-24T23:08,iso8601,2025-05-25T12:07,iso8601,46792.49,s,30561.29,s,7.15,,8.7,,0.0,mm,24.7,mm,0.0,cm,24.7,mm,24.0,h,99,%,11.5,km/h,22.3,km/h,187,°,15.02,MJ/m²,3.16,mm
2025-05-26,iso8601,16.5,94.75,0.1627206802368164,0,GMT,GMT,16.0,95,wmo code,31.0,°C,25.9,°C,36.1,°C,31.7,°C,2025-05-25T23:07,iso8601,2025-05-26T12:08,iso8601,46821.11,s,12752.44,s,3.65,,8.65,,3.9,mm,8.0,mm,0.0,cm,11.9,mm,16.0,h,96,%,13.1,km/h,26.3,km/h,193,°,12.28,MJ/m²,2.77,mm
2025-05-20,iso8601,16.375,94.25,0.164031982421875,0,GMT,GMT,10.0,95,wmo code,32.4,°C,27.5,°C,37.8,°C,34.2,°C,2025-05-19T23:11,iso8601,2025-05-20T12:07,iso8601,46609.04,s,28351.43,s,8.0,,9.05,,0.0,mm,2.6,mm,0.0,cm,2.6,mm,4.0,h,53,%,13.0,km/h,25.6,km/h,167,°,18.49,MJ/m²,4.18,mm
2025-05-21,iso8601,16.375,94.25,0.164031982421875,0,GMT,GMT,10.0,95,wmo code,32.2,°C,27.7,°C,39.0,°C,34.4,°C,2025-05-20T23:11,iso8601,2025-05-21T12:08,iso8601,46642.58,s,30724.16,s,1.7,,9.05,,0.0,mm,4.3,mm,0.0,cm,4.3,mm,9.0,h,68,%,13.6,km/h,28.1,km/h,175,°,21.02,MJ/m²,4.48,mm
2025-05-22,iso8601,16.375,94.25,0.164031982421875,0,GMT,GMT,10.0,95,wmo code,30.8,°C,27.8,°C,38.2,°C,34.9,°C,2025-05-21T23:10,iso8601,2025-05-22T12:08,iso8601,46675.18,s,31275.52,s,9.05,,9.05,,0.0,mm,7.9,mm,0.0,cm,7.9,mm,11.0,h,63,%,11.3,km/h,26.6,km/h,200,°,19.71,MJ/m²,4.06,mm
2025-05-23,iso8601,16.375,94.25,0.164031982421875,0,GMT,GMT,10.0,96,wmo code,30.4,°C,27.5,°C,37.1,°C,34.5,°C,2025-05-22T23:10,iso8601,2025-05-23T12:08,iso8601,46706.79,s,26068.24,s,9.0,,9.05,,0.0,mm,13.5,mm,0.0,cm,13.5,mm,19.0,h,74,%,13.8,km/h,29.9,km/h,193,°,18.36,MJ/m²,3.81,mm
2025-05-24,iso8601,16.375,94.25,0.164031982421875,0,GMT,GMT,10.0,95,wmo code,31.7,°C,27.5,°C,38.9,°C,34.5,°C,2025-05-23T23:10,iso8601,2025-05-24T12:09,iso8601,46737.38,s,32300.18,s,9.05,,9.05,,0.0,mm,11.5,mm,0.0,cm,11.5,mm,14.0,h,82,%,13.6,km/h,26.3,km/h,169,°,19.78,MJ/m²,4.13,mm
2025-05-25,iso8601,16.375,94.25,0.164031982421875,0,GMT,GMT,10.0,96,wmo code,30.3,°C,27.4,°C,36.9,°C,33.1,°C,2025-05-24T23:10,iso8601,2025-05-25T12:09,iso8601,46766.88,s,29717.68,s,7.8,,8.55,,0.0,mm,26.2,mm,0.0,cm,26.5,mm,24.0,h,99,%,12.3,km/h,26.6,km/h,189,°,16.73,MJ/m²,3.45,mm
2025-05-26,iso8601,16.375,94.25,0.164031982421875,0,GMT,GMT,10.0,80,wmo code,29.8,°C,26.6,°C,34.8,°C,30.7,°C,2025-05-25T23:10,iso8601,2025-05-26T12:09,iso8601,46795.27,s,3664.24,s,1.35,,8.6,,7.3,mm,9.6,mm,0.0,cm,16.9,mm,18.0,h,95,%,20.0,km/h,38.5,km/h,208,°,9.88,MJ/m²,2.4,mm
2025-05-20,iso8601,17.0,95.625,0.20742416381835938,0,GMT,GMT,12.0,45,wmo code,33.8,°C,26.7,°C,41.1,°C,33.6,°C,2025-05-19T23:04,iso8601,2025-05-20T12:03,iso8601,46731.07,s,40967.78,s,9.1,,9.1,,0.0,mm,0.0,mm,0.0,cm,0.0,mm,0.0,h,60,%,10.8,km/h,22.7,km/h,181,°,21.24,MJ/m²,4.66,mm
2025-05-21,iso8601,17.0,95.625,0.20742416381835938,0,GMT,GMT,12.0,96,wmo code,33.9,°C,26.8,°C,40.9,°C,33.8,°C,2025-05-20T23:04,iso8601,2025-05-21T12:03,iso8601,46765.98,s,36000.0,s,8.25,,9.1,,0.0,mm,8.8,mm,0.0,cm,8.8,mm,6.0,h,55,%,11.1,km/h,23.4,km/h,183,°,21.0,MJ/m²,4.58,mm
2025-05-22,iso8601,17.0,95.625,0.20742416381835938,0,GMT,GMT,12.0,95,wmo code,34.0,°C,26.9,°C,41.4,°C,34.1,°C,2025-05-21T23:04,iso8601,2025-05-22T12:04,iso8601,46799.89,s,40378.37,s,9.1,,9.1,,0.0,mm,3.3,mm,0.0,cm,3.3,mm,6.0,h,73,%,10.9,km/h,22.7,km/h,216,°,22.04,MJ/m²,4.76,mm
2025-05-23,iso8601,17.0,95.625,0.20742416381835938,0,GMT,GMT,12.0,96,wmo code,33.9,°C,26.9,°C,41.7,°C,34.2,°C,2025-05-22T23:04,iso8601,2025-05-23T12:04,iso8601,46832.79,s,36917.67,s,7.45,,9.1,,0.0,mm,8.4,mm,0.0,cm,8.4,mm,9.0,h,70,%,11.2,km/h,23.4,km/h,196,°,20.63,MJ/m²,4.42,mm
2025-05-24,iso8601,17.0,95.625,0.20742416381835938,0,GMT,GMT,12.0,96,wmo code,33.9,°C,26.8,°C,41.4,°C,33.8,°C,2025-05-23T23:03,iso8601,2025-05-24T12:04,iso8601,46864.6,s,40186.12,s,8.6,,9.1,,0.0,mm,12.0,mm,0.0,cm,12.0,mm,9.0,h,81,%,13.0,km/h,29.5,km/h,161,°,20.73,MJ/m²,4.44,mm
2025-05-25,iso8601,17.0,95.625,0.20742416381835938,0,GMT,GMT,12.0,95,wmo code,31.5,°C,26.4,°C,38.7,°C,32.9,°C,2025-05-24T23:03,iso8601,2025-05-25T12:05,iso8601,46895.3,s,35983.02,s,7.85,,8.65,,0.0,mm,18.3,mm,0.0,cm,18.3,mm,23.0,h,93,%,9.3,km/h,22.0,km/h,149,°,15.17,MJ/m²,3.2,mm
2025-05-26,iso8601,17.0,95.625,0.20742416381835938,0,GMT,GMT,12.0,95,wmo code,30.0,°C,26.0,°C,35.0,°C,31.2,°C,2025-05-25T23:03,iso8601,2025-05-26T12:05,iso8601,46924.84,s,16328.43,s,5.9,,8.65,,0.9,mm,5.4,mm,0.0,cm,6.0,mm,12.0,h,88,%,13.9,km/h,30.2,km/h,172,°,12.84,MJ/m²,2.83,mm
2025-05-20,iso8601,17.0,95.5,0.28717517852783203,0,GMT,GMT,10.0,45,wmo code,33.8,°C,26.7,°C,41.1,°C,33.6,°C,2025-05-19T23:05,iso8601,2025-05-20T12:03,iso8601,46731.07,s,41000.07,s,9.1,,9.1,,0.0,mm,0.0,mm,0.0,cm,0.0,mm,0.0,h,45,%,10.8,km/h,22.7,km/h,181,°,21.24,MJ/m²,4.66,mm
2025-05-21,iso8601,17.0,95.5,0.28717517852783203,0,GMT,GMT,10.0,96,wmo code,33.9,°C,26.8,°C,40.9,°C,33.8,°C,2025-05-20T23:05,iso8601,2025-05-21T12:04,iso8601,46765.98,s,36000.0,s,7.6,,9.1,,0.0,mm,8.8,mm,0.0,cm,8.8,mm,6.0,h,58,%,11.1,km/h,23.4,km/h,183,°,21.0,MJ/m²,4.58,mm
2025-05-22,iso8601,17.0,95.5,0.28717517852783203,0,GMT,GMT,10.0,95,wmo code,34.0,°C,26.9,°C,41.4,°C,34.1,°C,2025-05-21T23:04,iso8601,2025-05-22T12:04,iso8601,46799.89,s,40374.79,s,9.05,,9.1,,0.0,mm,3.3,mm,0.0,cm,3.3,mm,6.0,h,73,%,10.9,km/h,22.7,km/h,216,°,22.04,MJ/m²,4.76,mm
2025-05-23,iso8601,17.0,95.5,0.28717517852783203,0,GMT,GMT,10.0,96,wmo code,33.9,°C,26.9,°C,41.7,°C,34.2,°C,2025-05-22T23:04,iso8601,2025-05-23T12:04,iso8601,46832.79,s,36914.0,s,7.55,,9.1,,0.0,mm,8.4,mm,0.0,cm,8.4,mm,9.0,h,80,%,11.2,km/h,23.4,km/h,196,°,20.65,MJ/m²,4.43,mm
2025-05-24,iso8601,17.0,95.5,0.28717517852783203,0,GMT,GMT,10.0,96,wmo code,33.9,°C,26.8,°C,41.4,°C,33.8,°C,2025-05-23T23:04,iso8601,2025-05-24T12:05,iso8601,46864.6,s,40213.17,s,9.0,,9.1,,0.0,mm,12.0,mm,0.0,cm,12.0,mm,9.0,h,86,%,13.0,km/h,29.5,km/h,161,°,20.74,MJ/m²,4.44,mm
2025-05-25,iso8601,17.0,95.5,0.28717517852783203,0,GMT,GMT,10.0,95,wmo code,31.5,°C,26.4,°C,38.8,°C,32.9,°C,2025-05-24T23:04,iso8601,2025-05-25T12:05,iso8601,46895.3,s,35986.68,s,7.5,,8.65,,0.0,mm,18.3,mm,0.0,cm,18.3,mm,23.0,h,93,%,9.3,km/h,22.0,km/h,149,°,15.18,MJ/m²,3.2,mm
2025-05-26,iso8601,17.0,95.5,0.28717517852783203,0,GMT,GMT,10.0,95,wmo code,30.0,°C,26.0,°C,35.0,°C,31.2,°C,2025-05-25T23:04,iso8601,2025-05-26T12:06,iso8601,46924.84,s,16302.33,s,5.9,,8.65,,0.9,mm,5.4,mm,0.0,cm,6.0,mm,12.0,h,89,%,13.9,km/h,30.2,km/h,172,°,12.85,MJ/m²,2.83,mm
2025-05-20,iso8601,17.0,94.5,0.1614093780517578,0,GMT,GMT,6.0,95,wmo code,34.0,°C,26.0,°C,40.4,°C,32.4,°C,2025-05-19T23:09,iso8601,2025-05-20T12:07,iso8601,46731.07,s,35274.77,s,7.9,,9.05,,0.0,mm,2.6,mm,0.0,cm,2.6,mm,4.0,h,68,%,9.2,km/h,25.2,km/h,175,°,20.73,MJ/m²,4.5,mm
2025-05-21,iso8601,17.0,94.5,0.1614093780517578,0,GMT,GMT,6.0,96,wmo code,33.7,°C,26.3,°C,40.4,°C,33.0,°C,2025-05-20T23:09,iso8601,2025-05-21T12:08,iso8601,46765.98,s,29116.08,s,8.1,,9.05,,0.0,mm,8.7,mm,0.0,cm,8.6,mm,6.0,h,65,%,10.0,km/h,28.1,km/h,173,°,18.51,MJ/m²,4.03,mm
2025-05-22,iso8601,17.0,94.5,0.1614093780517578,0,GMT,GMT,6.0,95,wmo code,31.7,°C,25.9,°C,39.0,°C,32.8,°C,2025-05-21T23:08,iso8601,2025-05-22T12:08,iso8601,46799.89,s,39849.87,s,8.95,,9.05,,0.0,mm,6.0,mm,0.0,cm,6.0,mm,7.0,h,73,%,11.7,km/h,31.3,km/h,222,°,19.74,MJ/m²,4.13,mm
2025-05-23,iso8601,17.0,94.5,0.1614093780517578,0,GMT,GMT,6.0,95,wmo code,32.0,°C,26.3,°C,39.6,°C,33.2,°C,2025-05-22T23:08,iso8601,2025-05-23T12:08,iso8601,46832.79,s,29135.79,s,8.9,,9.05,,0.0,mm,6.9,mm,0.0,cm,6.9,mm,6.0,h,70,%,9.5,km/h,24.5,km/h,202,°,18.66,MJ/m²,3.96,mm
2025-05-24,iso8601,17.0,94.5,0.1614093780517578,0,GMT,GMT,6.0,96,wmo code,33.3,°C,26.6,°C,41.2,°C,33.5,°C,2025-05-23T23:08,iso8601,2025-05-24T12:09,iso8601,46864.6,s,30888.1,s,8.85,,9.05,,0.0,mm,24.4,mm,0.0,cm,24.4,mm,14.0,h,80,%,9.2,km/h,23.4,km/h,160,°,17.59,MJ/m²,3.76,mm
2025-05-25,iso8601,17.0,94.5,0.1614093780517578,0,GMT,GMT,6.0,95,wmo code,31.1,°C,26.3,°C,38.3,°C,32.8,°C,2025-05-24T23:08,iso8601,2025-05-25T12:09,iso8601,46895.3,s,22346.48,s,7.8,,8.6,,0.0,mm,21.5,mm,0.0,cm,21.5,mm,21.0,h,95,%,9.0,km/h,24.1,km/h,158,°,13.97,MJ/m²,2.92,mm
2025-05-26,iso8601,17.0,94.5,0.1614093780517578,0,GMT,GMT,6.0,80,wmo code,30.5,°C,25.5,°C,35.9,°C,30.9,°C,2025-05-25T23:08,iso8601,2025-05-26T12:10,iso8601,46924.84,s,1717.57,s,0.95,,8.55,,15.3,mm,8.4,mm,0.0,cm,23.7,mm,19.0,h,95,%,10.8,km/h,24.5,km/h,171,°,10.41,MJ/m²,2.3,mm
2025-05-20,iso8601,16.875,94.375,0.26023387908935547,0,GMT,GMT,4.0,80,wmo code,33.1,°C,26.8,°C,39.3,°C,33.1,°C,2025-05-19T23:09,iso8601,2025-05-20T12:08,iso8601,46706.59,s,34969.47,s,7.9,,9.05,,0.0,mm,0.9,mm,0.0,cm,0.9,mm,2.0,h,70,%,10.3,km/h,22.7,km/h,183,°,20.63,MJ/m²,4.47,mm
2025-05-21,iso8601,16.875,94.375,0.26023387908935547,0,GMT,GMT,4.0,80,wmo code,33.2,°C,26.9,°C,39.4,°C,33.1,°C,2025-05-20T23:09,iso8601,2025-05-21T12:08,iso8601,46741.22,s,29966.7,s,8.1,,9.05,,0.0,mm,4.3,mm,0.0,cm,4.3,mm,6.0,h,68,%,10.9,km/h,25.2,km/h,178,°,18.38,MJ/m²,4.03,mm
2025-05-22,iso8601,16.875,94.375,0.26023387908935547,0,GMT,GMT,4.0,95,wmo code,30.8,°C,26.9,°C,37.8,°C,33.7,°C,2025-05-21T23:09,iso8601,2025-05-22T12:08,iso8601,46774.88,s,39648.89,s,8.95,,9.05,,0.0,mm,5.2,mm,0.0,cm,5.2,mm,9.0,h,68,%,12.9,km/h,28.4,km/h,213,°,19.6,MJ/m²,4.05,mm
2025-05-23,iso8601,16.875,94.375,0.26023387908935547,0,GMT,GMT,4.0,96,wmo code,31.0,°C,26.8,°C,38.1,°C,33.4,°C,2025-05-22T23:09,iso8601,2025-05-23T12:09,iso8601,46807.51,s,29470.09,s,8.9,,9.05,,0.0,mm,4.2,mm,0.0,cm,4.2,mm,6.0,h,77,%,11.8,km/h,24.1,km/h,198,°,19.05,MJ/m²,3.99,mm
2025-05-24,iso8601,16.875,94.375,0.26023387908935547,0,GMT,GMT,4.0,96,wmo code,32.4,°C,26.8,°C,40.1,°C,33.4,°C,2025-05-23T23:09,iso8601,2025-05-24T12:09,iso8601,46839.08,s,29489.75,s,8.85,,9.05,,0.0,mm,15.1,mm,0.0,cm,15.1,mm,14.0,h,88,%,12.3,km/h,23.4,km/h,165,°,17.28,MJ/m²,3.74,mm
2025-05-25,iso8601,16.875,94.375,0.26023387908935547,0,GMT,GMT,4.0,96,wmo code,30.9,°C,26.7,°C,37.5,°C,32.8,°C,2025-05-24T23:08,iso8601,2025-05-25T12:09,iso8601,46869.54,s,23285.45,s,7.8,,8.6,,0.0,mm,16.6,mm,0.0,cm,16.6,mm,21.0,h,96,%,10.4,km/h,23.8,km/h,166,°,14.7,MJ/m²,3.11,mm
2025-05-26,iso8601,16.875,94.375,0.26023387908935547,0,GMT,GMT,4.0,95,wmo code,30.8,°C,25.9,°C,35.4,°C,30.8,°C,2025-05-25T23:08,iso8601,2025-05-26T12:10,iso8601,46898.85,s,2839.16,s,0.95,,8.55,,14.1,mm,8.8,mm,0.0,cm,22.3,mm,19.0,h,95,%,16.4,km/h,31.0,km/h,193,°,10.72,MJ/m²,2.49,mm
2025-05-20,iso8601,16.75,94.75,0.3179311752319336,0,GMT,GMT,8.0,80,wmo code,33.9,°C,26.6,°C,39.9,°C,33.4,°C,2025-05-19T23:08,iso8601,2025-05-20T12:06,iso8601,46682.15,s,34686.78,s,8.05,,9.15,,0.0,mm,0.6,mm,0.0,cm,0.6,mm,2.0,h,65,%,12.7,km/h,23.4,km/h,173,°,20.1,MJ/m²,4.5,mm
2025-05-21,iso8601,16.75,94.75,0.3179311752319336,0,GMT,GMT,8.0,96,wmo code,34.3,°C,26.8,°C,40.7,°C,33.7,°C,2025-05-20T23:08,iso8601,2025-05-21T12:06,iso8601,46716.51,s,31416.18,s,7.65,,9.15,,0.0,mm,11.0,mm,0.0,cm,10.9,mm,8.0,h,75,%,13.3,km/h,25.9,km/h,177,°,20.07,MJ/m²,4.42,mm
2025-05-22,iso8601,16.75,94.75,0.3179311752319336,0,GMT,GMT,8.0,96,wmo code,33.2,°C,26.8,°C,41.6,°C,33.9,°C,2025-05-21T23:08,iso8601,2025-05-22T12:07,iso8601,46749.89,s,33995.62,s,8.55,,9.15,,0.0,mm,13.3,mm,0.0,cm,13.3,mm,11.0,h,70,%,12.6,km/h,28.1,km/h,217,°,19.9,MJ/m²,4.23,mm
2025-05-23,iso8601,16.75,94.75,0.3179311752319336,0,GMT,GMT,8.0,80,wmo code,33.0,°C,26.8,°C,40.5,°C,33.7,°C,2025-05-22T23:08,iso8601,2025-05-23T12:07,iso8601,46782.27,s,29665.4,s,8.4,,9.15,,0.0,mm,13.2,mm,0.0,cm,13.2,mm,15.0,h,88,%,10.2,km/h,24.5,km/h,191,°,17.99,MJ/m²,3.88,mm
2025-05-24,iso8601,16.75,94.75,0.3179311752319336,0,GMT,GMT,8.0,96,wmo code,33.1,°C,26.8,°C,40.1,°C,33.8,°C,2025-05-23T23:07,iso8601,2025-05-24T12:07,iso8601,46813.59,s,35947.28,s,8.5,,9.15,,0.0,mm,13.3,mm,0.0,cm,13.3,mm,14.0,h,90,%,13.2,km/h,28.8,km/h,167,°,19.3,MJ/m²,4.22,mm
2025-05-25,iso8601,16.75,94.75,0.3179311752319336,0,GMT,GMT,8.0,95,wmo code,32.0,°C,26.7,°C,38.5,°C,33.0,°C,2025-05-24T23:07,iso8601,2025-05-25T12:08,iso8601,46843.82,s,26624.27,s,5.8,,8.7,,0.0,mm,23.0,mm,0.0,cm,23.0,mm,24.0,h,95,%,11.3,km/h,24.1,km/h,169,°,14.58,MJ/m²,3.16,mm
2025-05-26,iso8601,16.75,94.75,0.3179311752319336,0,GMT,GMT,8.0,95,wmo code,30.9,°C,25.9,°C,36.0,°C,31.9,°C,2025-05-25T23:07,iso8601,2025-05-26T12:08,iso8601,46872.89,s,593.84,s,2.95,,8.7,,9.0,mm,8.4,mm,0.0,cm,17.4,mm,16.0,h,98,%,13.9,km/h,25.6,km/h,181,°,10.22,MJ/m²,2.4,mm
2025-05-20,iso8601,17.25,94.5,0.20766258239746094,0,GMT,GMT,8.0,95,wmo code,33.4,°C,27.0,°C,40.5,°C,33.4,°C,2025-05-19T23:08,iso8601,2025-05-20T12:08,iso8601,46780.15,s,36767.36,s,7.9,,9.05,,0.0,mm,3.3,mm,0.0,cm,3.3,mm,8.0,h,68,%,9.7,km/h,23.8,km/h,193,°,22.76,MJ/m²,4.9,mm
2025-05-21,iso8601,17.25,94.5,0.20766258239746094,0,GMT,GMT,8.0,96,wmo code,33.4,°C,27.0,°C,40.3,°C,33.4,°C,2025-05-20T23:08,iso8601,2025-05-21T12:08,iso8601,46815.6,s,32478.48,s,8.1,,9.05,,0.0,mm,7.9,mm,0.0,cm,7.9,mm,7.0,h,65,%,10.6,km/h,28.1,km/h,184,°,20.78,MJ/m²,4.49,mm
2025-05-22,iso8601,17.25,94.5,0.20766258239746094,0,GMT,GMT,8.0,96,wmo code,30.8,°C,27.2,°C,38.0,°C,33.9,°C,2025-05-21T23:08,iso8601,2025-05-22T12:09,iso8601,46850.05,s,39976.89,s,8.95,,9.05,,0.0,mm,6.7,mm,0.0,cm,6.7,mm,9.0,h,73,%,12.2,km/h,29.5,km/h,213,°,19.22,MJ/m²,3.99,mm
2025-05-23,iso8601,17.25,94.5,0.20766258239746094,0,GMT,GMT,8.0,80,wmo code,31.3,°C,26.9,°C,39.5,°C,33.6,°C,2025-05-22T23:08,iso8601,2025-05-23T12:09,iso8601,46883.45,s,34497.35,s,8.9,,9.05,,0.0,mm,10.2,mm,0.0,cm,10.2,mm,12.0,h,70,%,11.4,km/h,27.0,km/h,195,°,20.33,MJ/m²,4.25,mm
2025-05-24,iso8601,17.25,94.5,0.20766258239746094,0,GMT,GMT,8.0,95,wmo code,33.3,°C,27.0,°C,41.5,°C,33.6,°C,2025-05-23T23:07,iso8601,2025-05-24T12:09,iso8601,46915.77,s,36182.29,s,8.85,,9.05,,0.0,mm,16.8,mm,0.0,cm,16.8,mm,12.0,h,80,%,11.2,km/h,27.0,km/h,163,°,20.63,MJ/m²,4.43,mm
2025-05-25,iso8601,17.25,94.5,0.20766258239746094,0,GMT,GMT,8.0,96,wmo code,31.3,°C,26.4,°C,38.4,°C,32.3,°C,2025-05-24T23:07,iso8601,2025-05-25T12:10,iso8601,46946.94,s,24853.93,s,7.8,,8.6,,0.0,mm,21.7,mm,0.0,cm,21.7,mm,23.0,h,95,%,11.7,km/h,25.6,km/h,156,°,15.87,MJ/m²,3.34,mm
2025-05-26,iso8601,17.25,94.5,0.20766258239746094,0,GMT,GMT,8.0,80,wmo code,29.6,°C,25.5,°C,35.2,°C,30.7,°C,2025-05-25T23:07,iso8601,2025-05-26T12:10,iso8601,46976.94,s,0.0,s,0.95,,8.55,,21.3,mm,9.8,mm,0.0,cm,30.8,mm,19.0,h,95,%,10.1,km/h,23.0,km/h,165,°,8.4,MJ/m²,1.92,mm
2025-05-20,iso8601,15.75,95.375,2.562403678894043,0,GMT,GMT,5.0,96,wmo code,31.6,°C,27.3,°C,38.5,°C,34.2,°C,2025-05-19T23:07,iso8601,2025-05-20T12:02,iso8601,46487.9,s,37323.67,s,7.9,,9.1,,0.0,mm,3.1,mm,0.0,cm,3.1,mm,5.0,h,28,%,10.7,km/h,26.3,km/h,185,°,20.84,MJ/m²,4.39,mm
2025-05-21,iso8601,15.75,95.375,2.562403678894043,0,GMT,GMT,5.0,80,wmo code,32.1,°C,27.5,°C,39.5,°C,34.5,°C,2025-05-20T23:07,iso8601,2025-05-21T12:02,iso8601,46520.1,s,39835.28,s,7.05,,9.1,,0.0,mm,3.0,mm,0.0,cm,3.1,mm,9.0,h,38,%,11.3,km/h,28.8,km/h,194,°,23.16,MJ/m²,4.8,mm
2025-05-22,iso8601,15.75,95.375,2.562403678894043,0,GMT,GMT,5.0,95,wmo code,31.5,°C,27.3,°C,39.8,°C,34.4,°C,2025-05-21T23:07,iso8601,2025-05-22T12:03,iso8601,46551.39,s,34107.38,s,6.65,,9.1,,0.0,mm,5.7,mm,0.0,cm,5.7,mm,10.0,h,60,%,10.7,km/h,26.6,km/h,225,°,21.47,MJ/m²,4.45,mm
2025-05-23,iso8601,15.75,95.375,2.562403678894043,0,GMT,GMT,5.0,80,wmo code,31.1,°C,27.3,°C,38.1,°C,34.6,°C,2025-05-22T23:07,iso8601,2025-05-23T12:03,iso8601,46581.74,s,42742.64,s,8.4,,9.1,,0.0,mm,11.7,mm,0.0,cm,11.7,mm,15.0,h,78,%,11.4,km/h,28.1,km/h,212,°,19.63,MJ/m²,4.0,mm
2025-05-24,iso8601,15.75,95.375,2.562403678894043,0,GMT,GMT,5.0,96,wmo code,30.9,°C,27.5,°C,39.0,°C,34.5,°C,2025-05-23T23:07,iso8601,2025-05-24T12:03,iso8601,46611.09,s,40680.55,s,8.5,,9.1,,0.0,mm,14.6,mm,0.0,cm,14.6,mm,17.0,h,86,%,10.5,km/h,24.8,km/h,186,°,20.68,MJ/m²,4.2,mm
2025-05-25,iso8601,15.75,95.375,2.562403678894043,0,GMT,GMT,5.0,96,wmo code,30.0,°C,26.7,°C,36.8,°C,31.9,°C,2025-05-24T23:06,iso8601,2025-05-25T12:04,iso8601,46639.42,s,23455.65,s,0.75,,8.6,,1.3,mm,26.5,mm,0.0,cm,27.8,mm,24.0,h,98,%,11.8,km/h,32.8,km/h,219,°,14.34,MJ/m²,2.98,mm
2025-05-26,iso8601,15.75,95.375,2.562403678894043,0,GMT,GMT,5.0,80,wmo code,29.2,°C,26.2,°C,34.5,°C,31.7,°C,2025-05-25T23:06,iso8601,2025-05-26T12:04,iso8601,46666.66,s,15218.59,s,3.9,,8.6,,4.4,mm,9.0,mm,0.0,cm,13.4,mm,13.0,h,100,%,11.0,km/h,31.3,km/h,202,°,10.7,MJ/m²,2.34,mm
2025-05-20,iso8601,16.25,95.625,0.19538402557373047,0,GMT,GMT,4.0,80,wmo code,32.8,°C,26.4,°C,38.7,°C,33.1,°C,2025-05-19T23:05,iso8601,2025-05-20T12:02,iso8601,46584.74,s,33421.53,s,8.05,,9.1,,0.0,mm,0.5,mm,0.0,cm,0.5,mm,2.0,h,30,%,13.1,km/h,26.3,km/h,171,°,18.9,MJ/m²,4.17,mm
2025-05-21,iso8601,16.25,95.625,0.19538402557373047,0,GMT,GMT,4.0,95,wmo code,32.6,°C,26.5,°C,39.5,°C,33.5,°C,2025-05-20T23:05,iso8601,2025-05-21T12:02,iso8601,46618.01,s,38544.21,s,8.1,,9.1,,0.0,mm,4.8,mm,0.0,cm,4.7,mm,8.0,h,45,%,13.0,km/h,27.0,km/h,180,°,20.3,MJ/m²,4.38,mm
2025-05-22,iso8601,16.25,95.625,0.19538402557373047,0,GMT,GMT,4.0,96,wmo code,33.7,°C,26.4,°C,41.3,°C,33.5,°C,2025-05-21T23:05,iso8601,2025-05-22T12:02,iso8601,46650.35,s,29541.73,s,7.2,,9.1,,0.0,mm,7.1,mm,0.0,cm,7.1,mm,6.0,h,78,%,9.7,km/h,19.8,km/h,212,°,18.65,MJ/m²,4.06,mm
2025-05-23,iso8601,16.25,95.625,0.19538402557373047,0,GMT,GMT,4.0,95,wmo code,32.7,°C,26.5,°C,40.5,°C,33.6,°C,2025-05-22T23:05,iso8601,2025-05-23T12:03,iso8601,46681.71,s,41400.81,s,7.8,,9.1,,0.0,mm,17.7,mm,0.0,cm,17.7,mm,12.0,h,90,%,10.8,km/h,32.4,km/h,191,°,19.74,MJ/m²,4.14,mm
2025-05-24,iso8601,16.25,95.625,0.19538402557373047,0,GMT,GMT,4.0,95,wmo code,32.1,°C,26.8,°C,38.9,°C,34.0,°C,2025-05-23T23:05,iso8601,2025-05-24T12:03,iso8601,46712.05,s,39825.11,s,8.4,,9.1,,0.0,mm,8.7,mm,0.0,cm,8.7,mm,12.0,h,85,%,14.7,km/h,27.4,km/h,163,°,19.14,MJ/m²,4.05,mm
2025-05-25,iso8601,16.25,95.625,0.19538402557373047,0,GMT,GMT,4.0,95,wmo code,30.9,°C,26.1,°C,37.6,°C,32.0,°C,2025-05-24T23:05,iso8601,2025-05-25T12:03,iso8601,46741.31,s,34099.39,s,1.15,,8.65,,1.0,mm,12.9,mm,0.0,cm,14.0,mm,23.0,h,96,%,9.8,km/h,24.8,km/h,170,°,14.4,MJ/m²,2.99,mm
2025-05-26,iso8601,16.25,95.625,0.19538402557373047,0,GMT,GMT,4.0,81,wmo code,28.7,°C,26.1,°C,34.1,°C,31.6,°C,2025-05-25T23:04,iso8601,2025-05-26T12:04,iso8601,46769.47,s,18092.71,s,2.6,,8.65,,2.3,mm,7.2,mm,0.0,cm,9.4,mm,16.0,h,93,%,16.6,km/h,32.0,km/h,185,°,11.84,MJ/m²,2.48,mm
2025-05-20,iso8601,17.0,94.75,0.20503997802734375,0,GMT,GMT,10.0,95,wmo code,33.8,°C,26.2,°C,40.5,°C,32.9,°C,2025-05-19T23:08,iso8601,2025-05-20T12:06,iso8601,46731.07,s,36112.94,s,8.15,,9.15,,0.0,mm,3.7,mm,0.0,cm,3.7,mm,7.0,h,73,%,9.2,km/h,22.0,km/h,175,°,21.52,MJ/m²,4.65,mm
2025-05-21,iso8601,17.0,94.75,0.20503997802734375,0,GMT,GMT,10.0,96,wmo code,34.1,°C,26.3,°C,41.1,°C,33.1,°C,2025-05-20T23:08,iso8601,2025-05-21T12:07,iso8601,46765.98,s,28752.74,s,8.55,,9.1,,0.0,mm,12.3,mm,0.0,cm,12.3,mm,6.0,h,65,%,10.4,km/h,24.5,km/h,180,°,19.76,MJ/m²,4.28,mm
2025-05-22,iso8601,17.0,94.75,0.20503997802734375,0,GMT,GMT,10.0,96,wmo code,32.7,°C,26.1,°C,40.7,°C,33.2,°C,2025-05-21T23:07,iso8601,2025-05-22T12:07,iso8601,46799.89,s,38641.54,s,8.0,,9.1,,0.0,mm,4.4,mm,0.0,cm,4.4,mm,8.0,h,78,%,11.1,km/h,27.4,km/h,227,°,19.8,MJ/m²,4.2,mm
2025-05-23,iso8601,17.0,94.75,0.20503997802734375,0,GMT,GMT,10.0,80,wmo code,32.8,°C,26.3,°C,40.8,°C,33.4,°C,2025-05-22T23:07,iso8601,2025-05-23T12:07,iso8601,46832.79,s,31612.91,s,8.6,,9.1,,0.0,mm,12.6,mm,0.0,cm,12.6,mm,12.0,h,75,%,8.7,km/h,25.9,km/h,195,°,17.87,MJ/m²,3.8,mm
2025-05-24,iso8601,17.0,94.75,0.20503997802734375,0,GMT,GMT,10.0,96,wmo code,33.1,°C,26.4,°C,40.7,°C,33.4,°C,2025-05-23T23:07,iso8601,2025-05-24T12:08,iso8601,46864.6,s,36634.42,s,7.15,,9.15,,0.0,mm,26.0,mm,0.0,cm,26.0,mm,11.0,h,86,%,10.4,km/h,25.6,km/h,165,°,19.09,MJ/m²,4.01,mm
2025-05-25,iso8601,17.0,94.75,0.20503997802734375,0,GMT,GMT,10.0,96,wmo code,30.7,°C,26.3,°C,38.1,°C,32.7,°C,2025-05-24T23:07,iso8601,2025-05-25T12:08,iso8601,46895.3,s,23973.28,s,5.6,,8.65,,0.0,mm,31.0,mm,0.0,cm,31.3,mm,24.0,h,96,%,9.1,km/h,22.7,km/h,160,°,13.0,MJ/m²,2.74,mm
2025-05-26,iso8601,17.0,94.75,0.20503997802734375,0,GMT,GMT,10.0,80,wmo code,29.9,°C,25.5,°C,35.9,°C,31.5,°C,2025-05-25T23:07,iso8601,2025-05-26T12:09,iso8601,46924.84,s,0.0,s,2.8,,8.65,,14.7,mm,6.6,mm,0.0,cm,21.3,mm,19.0,h,95,%,8.7,km/h,21.2,km/h,168,°,9.44,MJ/m²,2.08,mm
2025-05-20,iso8601,16.5,95.125,0.18465518951416016,0,GMT,GMT,6.0,80,wmo code,33.6,°C,26.7,°C,40.1,°C,33.6,°C,2025-05-19T23:07,iso8601,2025-05-20T12:04,iso8601,46633.37,s,28881.21,s,9.05,,9.1,,0.0,mm,0.9,mm,0.0,cm,0.9,mm,4.0,h,73,%,10.1,km/h,20.5,km/h,175,°,18.43,MJ/m²,4.11,mm
2025-05-21,iso8601,16.5,95.125,0.18465518951416016,0,GMT,GMT,6.0,96,wmo code,33.9,°C,26.7,°C,40.8,°C,33.9,°C,2025-05-20T23:07,iso8601,2025-05-21T12:04,iso8601,46667.19,s,32978.79,s,8.75,,9.1,,0.0,mm,7.7,mm,0.0,cm,7.6,mm,8.0,h,70,%,12.6,km/h,25.6,km/h,184,°,19.89,MJ/m²,4.38,mm
2025-05-22,iso8601,16.5,95.125,0.18465518951416016,0,GMT,GMT,6.0,96,wmo code,33.5,°C,26.8,°C,41.0,°C,34.0,°C,2025-05-21T23:07,iso8601,2025-05-22T12:05,iso8601,46700.05,s,32190.7,s,5.35,,9.1,,0.0,mm,5.6,mm,0.0,cm,5.6,mm,9.0,h,78,%,11.3,km/h,24.1,km/h,219,°,19.82,MJ/m²,4.29,mm
2025-05-23,iso8601,16.5,95.125,0.18465518951416016,0,GMT,GMT,6.0,80,wmo code,33.5,°C,26.9,°C,41.3,°C,34.1,°C,2025-05-22T23:06,iso8601,2025-05-23T12:05,iso8601,46731.91,s,31927.5,s,8.5,,9.1,,0.0,mm,13.5,mm,0.0,cm,13.5,mm,12.0,h,93,%,11.9,km/h,31.3,km/h,196,°,18.77,MJ/m²,4.03,mm
2025-05-24,iso8601,16.5,95.125,0.18465518951416016,0,GMT,GMT,6.0,95,wmo code,33.4,°C,26.9,°C,40.5,°C,34.0,°C,2025-05-23T23:06,iso8601,2025-05-24T12:05,iso8601,46762.75,s,39448.33,s,7.7,,9.1,,0.0,mm,13.5,mm,0.0,cm,13.5,mm,9.0,h,90,%,12.6,km/h,25.2,km/h,167,°,19.8,MJ/m²,4.25,mm
2025-05-25,iso8601,16.5,95.125,0.18465518951416016,0,GMT,GMT,6.0,95,wmo code,31.8,°C,26.5,°C,38.8,°C,32.3,°C,2025-05-24T23:06,iso8601,2025-05-25T12:06,iso8601,46792.49,s,27629.17,s,4.6,,8.65,,0.0,mm,21.2,mm,0.0,cm,21.2,mm,23.0,h,98,%,8.9,km/h,20.9,km/h,177,°,13.83,MJ/m²,2.95,mm
2025-05-26,iso8601,16.5,95.125,0.18465518951416016,0,GMT,GMT,6.0,80,wmo code,30.7,°C,26.0,°C,35.2,°C,31.8,°C,2025-05-25T23:06,iso8601,2025-05-26T12:06,iso8601,46821.11,s,16625.6,s,4.8,,8.65,,1.2,mm,4.3,mm,0.0,cm,5.5,mm,10.0,h,88,%,13.3,km/h,25.2,km/h,180,°,12.45,MJ/m²,2.78,mm
2025-05-20,iso8601,16.625,95.125,0.16224384307861328,0,GMT,GMT,6.0,80,wmo code,33.5,°C,26.1,°C,39.7,°C,32.7,°C,2025-05-19T23:07,iso8601,2025-05-20T12:04,iso8601,46657.74,s,29155.22,s,9.1,,9.1,,0.0,mm,0.8,mm,0.0,cm,0.8,mm,4.0,h,73,%,11.2,km/h,22.3,km/h,180,°,18.55,MJ/m²,4.12,mm
2025-05-21,iso8601,16.625,95.125,0.16224384307861328,0,GMT,GMT,6.0,96,wmo code,34.2,°C,26.2,°C,40.6,°C,33.0,°C,2025-05-20T23:07,iso8601,2025-05-21T12:05,iso8601,46691.82,s,33399.61,s,8.6,,9.1,,0.0,mm,12.9,mm,0.0,cm,12.9,mm,6.0,h,70,%,12.4,km/h,26.6,km/h,180,°,19.75,MJ/m²,4.34,mm
2025-05-22,iso8601,16.625,95.125,0.16224384307861328,0,GMT,GMT,6.0,96,wmo code,33.7,°C,26.3,°C,41.3,°C,33.1,°C,2025-05-21T23:06,iso8601,2025-05-22T12:05,iso8601,46724.96,s,32534.15,s,7.55,,9.1,,0.0,mm,5.3,mm,0.0,cm,5.3,mm,8.0,h,78,%,12.1,km/h,25.6,km/h,221,°,20.18,MJ/m²,4.32,mm
2025-05-23,iso8601,16.625,95.125,0.16224384307861328,0,GMT,GMT,6.0,95,wmo code,33.6,°C,26.4,°C,41.4,°C,33.3,°C,2025-05-22T23:06,iso8601,2025-05-23T12:05,iso8601,46757.07,s,33688.08,s,7.95,,9.1,,0.0,mm,12.6,mm,0.0,cm,12.6,mm,15.0,h,93,%,12.0,km/h,33.1,km/h,196,°,19.1,MJ/m²,4.08,mm
2025-05-24,iso8601,16.625,95.125,0.16224384307861328,0,GMT,GMT,6.0,95,wmo code,33.6,°C,26.6,°C,41.0,°C,33.5,°C,2025-05-23T23:06,iso8601,2025-05-24T12:06,iso8601,46788.15,s,40124.75,s,6.8,,9.1,,0.0,mm,11.0,mm,0.0,cm,11.0,mm,11.0,h,90,%,13.3,km/h,31.7,km/h,167,°,20.87,MJ/m²,4.46,mm
2025-05-25,iso8601,16.625,95.125,0.16224384307861328,0,GMT,GMT,6.0,96,wmo code,31.6,°C,26.3,°C,38.6,°C,32.5,°C,2025-05-24T23:06,iso8601,2025-05-25T12:06,iso8601,46818.13,s,27382.32,s,5.5,,8.65,,0.0,mm,21.9,mm,0.0,cm,21.9,mm,24.0,h,98,%,9.7,km/h,20.9,km/h,169,°,13.73,MJ/m²,2.92,mm
2025-05-26,iso8601,16.625,95.125,0.16224384307861328,0,GMT,GMT,6.0,80,wmo code,31.3,°C,25.9,°C,35.7,°C,31.2,°C,2025-05-25T23:06,iso8601,2025-05-26T12:06,iso8601,46846.98,s,15205.63,s,4.4,,8.6,,2.4,mm,4.9,mm,0.0,cm,7.3,mm,13.0,h,88,%,12.1,km/h,26.6,km/h,180,°,11.93,MJ/m²,2.68,mm
2025-05-20,iso8601,17.25,95.125,0.19252300262451172,0,GMT,GMT,6.0,95,wmo code,34.4,°C,26.2,°C,40.8,°C,32.9,°C,2025-05-19T23:06,iso8601,2025-05-20T12:05,iso8601,46780.15,s,41054.25,s,8.6,,9.15,,0.0,mm,3.4,mm,0.0,cm,3.4,mm,5.0,h,55,%,11.6,km/h,23.0,km/h,190,°,20.92,MJ/m²,4.71,mm
2025-05-21,iso8601,17.25,95.125,0.19252300262451172,0,GMT,GMT,6.0,95,wmo code,34.9,°C,25.9,°C,41.5,°C,32.4,°C,2025-05-20T23:06,iso8601,2025-05-21T12:06,iso8601,46815.6,s,29811.61,s,8.65,,9.15,,0.0,mm,7.1,mm,0.0,cm,7.1,mm,5.0,h,65,%,11.5,km/h,25.9,km/h,192,°,20.65,MJ/m²,4.63,mm
2025-05-22,iso8601,17.25,95.125,0.19252300262451172,0,GMT,GMT,6.0,96,wmo code,34.3,°C,26.2,°C,41.0,°C,33.1,°C,2025-05-21T23:05,iso8601,2025-05-22T12:06,iso8601,46850.05,s,39424.21,s,8.95,,9.15,,0.0,mm,4.4,mm,0.0,cm,4.4,mm,4.0,h,73,%,14.9,km/h,29.5,km/h,231,°,21.12,MJ/m²,4.61,mm
2025-05-23,iso8601,17.25,95.125,0.19252300262451172,0,GMT,GMT,6.0,96,wmo code,33.9,°C,26.5,°C,41.6,°C,33.5,°C,2025-05-22T23:05,iso8601,2025-05-23T12:06,iso8601,46883.45,s,37804.45,s,8.6,,9.15,,0.0,mm,10.5,mm,0.0,cm,10.5,mm,9.0,h,80,%,16.7,km/h,32.0,km/h,206,°,20.12,MJ/m²,4.28,mm
2025-05-24,iso8601,17.25,95.125,0.19252300262451172,0,GMT,GMT,6.0,96,wmo code,34.5,°C,26.4,°C,42.1,°C,33.3,°C,2025-05-23T23:05,iso8601,2025-05-24T12:07,iso8601,46915.77,s,37902.32,s,7.4,,9.15,,0.0,mm,15.2,mm,0.0,cm,15.2,mm,14.0,h,89,%,13.0,km/h,24.5,km/h,169,°,20.65,MJ/m²,4.48,mm
2025-05-25,iso8601,17.25,95.125,0.19252300262451172,0,GMT,GMT,6.0,96,wmo code,31.7,°C,26.1,°C,38.5,°C,32.3,°C,2025-05-24T23:05,iso8601,2025-05-25T12:07,iso8601,46946.94,s,31936.38,s,4.95,,8.65,,0.0,mm,21.9,mm,0.0,cm,21.9,mm,24.0,h,94,%,9.9,km/h,22.3,km/h,154,°,14.67,MJ/m²,3.15,mm
2025-05-26,iso8601,17.25,95.125,0.19252300262451172,0,GMT,GMT,6.0,81,wmo code,29.5,°C,25.1,°C,35.3,°C,31.0,°C,2025-05-25T23:05,iso8601,2025-05-26T12:07,iso8601,46976.94,s,0.0,s,4.15,,8.65,,28.2,mm,8.5,mm,0.0,cm,36.7,mm,19.0,h,90,%,12.7,km/h,28.8,km/h,172,°,8.21,MJ/m²,1.88,mm
2025-05-20,iso8601,17.375,95.125,0.1590251922607422,0,GMT,GMT,12.0,95,wmo code,34.1,°C,26.1,°C,40.5,°C,32.9,°C,2025-05-19T23:06,iso8601,2025-05-20T12:06,iso8601,46804.75,s,41746.95,s,8.35,,9.15,,0.0,mm,3.5,mm,0.0,cm,3.5,mm,5.0,h,35,%,10.8,km/h,22.7,km/h,191,°,21.38,MJ/m²,4.78,mm
2025-05-21,iso8601,17.375,95.125,0.1590251922607422,0,GMT,GMT,12.0,95,wmo code,34.6,°C,25.8,°C,41.0,°C,32.1,°C,2025-05-20T23:05,iso8601,2025-05-21T12:06,iso8601,46840.47,s,31726.42,s,8.6,,9.15,,0.0,mm,6.4,mm,0.0,cm,6.3,mm,4.0,h,63,%,12.0,km/h,24.8,km/h,190,°,20.65,MJ/m²,4.59,mm
2025-05-22,iso8601,17.375,95.125,0.1590251922607422,0,GMT,GMT,12.0,80,wmo code,34.0,°C,26.2,°C,40.6,°C,32.8,°C,2025-05-21T23:05,iso8601,2025-05-22T12:06,iso8601,46875.18,s,39462.68,s,8.5,,9.15,,0.0,mm,3.6,mm,0.0,cm,3.6,mm,5.0,h,68,%,13.6,km/h,29.2,km/h,227,°,21.34,MJ/m²,4.64,mm
2025-05-23,iso8601,17.375,95.125,0.1590251922607422,0,GMT,GMT,12.0,96,wmo code,33.9,°C,26.4,°C,41.5,°C,33.5,°C,2025-05-22T23:05,iso8601,2025-05-23T12:07,iso8601,46908.84,s,37899.83,s,8.25,,9.15,,0.0,mm,10.5,mm,0.0,cm,10.5,mm,6.0,h,73,%,16.1,km/h,31.3,km/h,204,°,20.4,MJ/m²,4.36,mm
2025-05-24,iso8601,17.375,95.125,0.1590251922607422,0,GMT,GMT,12.0,96,wmo code,34.3,°C,26.3,°C,41.7,°C,33.1,°C,2025-05-23T23:05,iso8601,2025-05-24T12:07,iso8601,46941.41,s,39010.16,s,7.7,,9.15,,0.0,mm,14.7,mm,0.0,cm,14.7,mm,12.0,h,86,%,11.9,km/h,25.2,km/h,168,°,20.53,MJ/m²,4.47,mm
2025-05-25,iso8601,17.375,95.125,0.1590251922607422,0,GMT,GMT,12.0,96,wmo code,31.8,°C,25.9,°C,38.5,°C,32.2,°C,2025-05-24T23:05,iso8601,2025-05-25T12:07,iso8601,46972.82,s,34352.21,s,6.05,,8.7,,0.0,mm,20.8,mm,0.0,cm,21.1,mm,23.0,h,96,%,9.5,km/h,23.4,km/h,153,°,15.05,MJ/m²,3.21,mm
2025-05-26,iso8601,17.375,95.125,0.1590251922607422,0,GMT,GMT,12.0,95,wmo code,29.7,°C,24.9,°C,35.4,°C,31.0,°C,2025-05-25T23:04,iso8601,2025-05-26T12:08,iso8601,47003.05,s,0.0,s,5.6,,8.65,,29.7,mm,7.9,mm,0.0,cm,37.9,mm,18.0,h,95,%,14.4,km/h,28.4,km/h,176,°,8.52,MJ/m²,1.91,mm
2025-05-20,iso8601,17.375,95.125,0.16427040100097656,0,GMT,GMT,11.0,95,wmo code,34.1,°C,26.1,°C,40.5,°C,32.9,°C,2025-05-19T23:06,iso8601,2025-05-20T12:06,iso8601,46804.75,s,41746.95,s,8.6,,9.2,,0.0,mm,3.5,mm,0.0,cm,3.5,mm,5.0,h,55,%,10.8,km/h,22.7,km/h,191,°,21.38,MJ/m²,4.78,mm
2025-05-21,iso8601,17.375,95.125,0.16427040100097656,0,GMT,GMT,11.0,95,wmo code,34.6,°C,25.8,°C,41.0,°C,32.1,°C,2025-05-20T23:05,iso8601,2025-05-21T12:06,iso8601,46840.47,s,31726.42,s,7.55,,9.15,,0.0,mm,6.4,mm,0.0,cm,6.3,mm,4.0,h,65,%,12.0,km/h,24.8,km/h,190,°,20.65,MJ/m²,4.59,mm
2025-05-22,iso8601,17.375,95.125,0.16427040100097656,0,GMT,GMT,11.0,80,wmo code,34.0,°C,26.2,°C,40.6,°C,32.8,°C,2025-05-21T23:05,iso8601,2025-05-22T12:06,iso8601,46875.18,s,39462.68,s,8.6,,9.2,,0.0,mm,3.6,mm,0.0,cm,3.6,mm,5.0,h,73,%,13.6,km/h,29.2,km/h,227,°,21.34,MJ/m²,4.64,mm
2025-05-23,iso8601,17.375,95.125,0.16427040100097656,0,GMT,GMT,11.0,96,wmo code,33.9,°C,26.4,°C,41.5,°C,33.6,°C,2025-05-22T23:05,iso8601,2025-05-23T12:07,iso8601,46908.84,s,37899.83,s,8.5,,9.15,,0.0,mm,10.5,mm,0.0,cm,10.5,mm,6.0,h,80,%,16.1,km/h,31.3,km/h,204,°,20.4,MJ/m²,4.36,mm
2025-05-24,iso8601,17.375,95.125,0.16427040100097656,0,GMT,GMT,11.0,96,wmo code,34.3,°C,26.3,°C,41.7,°C,33.1,°C,2025-05-23T23:05,iso8601,2025-05-24T12:07,iso8601,46941.41,s,39010.16,s,7.65,,9.2,,0.0,mm,14.7,mm,0.0,cm,14.7,mm,12.0,h,89,%,11.9,km/h,25.2,km/h,168,°,20.53,MJ/m²,4.47,mm
2025-05-25,iso8601,17.375,95.125,0.16427040100097656,0,GMT,GMT,11.0,96,wmo code,31.8,°C,25.9,°C,38.5,°C,32.2,°C,2025-05-24T23:05,iso8601,2025-05-25T12:07,iso8601,46972.82,s,34352.21,s,7.15,,8.7,,0.0,mm,20.8,mm,0.0,cm,21.1,mm,23.0,h,94,%,9.5,km/h,23.4,km/h,153,°,15.05,MJ/m²,3.22,mm
2025-05-26,iso8601,17.375,95.125,0.16427040100097656,0,GMT,GMT,11.0,95,wmo code,29.7,°C,24.9,°C,35.4,°C,31.0,°C,2025-05-25T23:04,iso8601,2025-05-26T12:08,iso8601,47003.05,s,0.0,s,4.75,,8.7,,29.7,mm,7.9,mm,0.0,cm,37.9,mm,18.0,h,90,%,14.4,km/h,28.4,km/h,176,°,8.52,MJ/m²,1.91,mm
2025-05-20,iso8601,17.5,95.5,0.21529197692871094,0,GMT,GMT,14.0,45,wmo code,34.2,°C,26.1,°C,40.2,°C,32.7,°C,2025-05-19T23:04,iso8601,2025-05-20T12:04,iso8601,46829.38,s,40919.99,s,9.05,,9.15,,0.0,mm,0.4,mm,0.0,cm,0.4,mm,3.0,h,35,%,9.7,km/h,19.8,km/h,186,°,20.42,MJ/m²,4.58,mm
2025-05-21,iso8601,17.5,95.5,0.21529197692871094,0,GMT,GMT,14.0,95,wmo code,34.6,°C,26.0,°C,41.1,°C,32.3,°C,2025-05-20T23:04,iso8601,2025-05-21T12:05,iso8601,46865.38,s,36000.0,s,8.5,,9.15,,0.0,mm,5.5,mm,0.0,cm,5.4,mm,4.0,h,60,%,12.7,km/h,27.0,km/h,190,°,21.14,MJ/m²,4.73,mm
2025-05-22,iso8601,17.5,95.5,0.21529197692871094,0,GMT,GMT,14.0,95,wmo code,34.3,°C,26.4,°C,40.9,°C,33.1,°C,2025-05-21T23:03,iso8601,2025-05-22T12:05,iso8601,46900.36,s,40784.86,s,9.15,,9.15,,0.0,mm,2.5,mm,0.0,cm,2.5,mm,4.0,h,55,%,13.0,km/h,27.0,km/h,220,°,21.96,MJ/m²,4.81,mm
2025-05-23,iso8601,17.5,95.5,0.21529197692871094,0,GMT,GMT,14.0,95,wmo code,34.1,°C,26.5,°C,41.8,°C,33.7,°C,2025-05-22T23:03,iso8601,2025-05-23T12:05,iso8601,46934.27,s,36246.57,s,8.75,,9.15,,0.0,mm,6.3,mm,0.0,cm,6.3,mm,9.0,h,75,%,11.4,km/h,27.4,km/h,197,°,21.01,MJ/m²,4.58,mm
2025-05-24,iso8601,17.5,95.5,0.21529197692871094,0,GMT,GMT,14.0,95,wmo code,34.1,°C,26.4,°C,41.3,°C,33.2,°C,2025-05-23T23:03,iso8601,2025-05-24T12:06,iso8601,46967.09,s,39424.66,s,7.7,,9.15,,0.0,mm,11.9,mm,0.0,cm,11.9,mm,14.0,h,79,%,12.4,km/h,25.6,km/h,167,°,20.66,MJ/m²,4.52,mm
2025-05-25,iso8601,17.5,95.5,0.21529197692871094,0,GMT,GMT,14.0,96,wmo code,31.9,°C,26.1,°C,38.6,°C,32.3,°C,2025-05-24T23:03,iso8601,2025-05-25T12:06,iso8601,46998.75,s,34260.19,s,5.85,,8.7,,0.0,mm,20.3,mm,0.0,cm,20.6,mm,24.0,h,94,%,10.1,km/h,25.9,km/h,150,°,15.86,MJ/m²,3.38,mm
2025-05-26,iso8601,17.5,95.5,0.21529197692871094,0,GMT,GMT,14.0,80,wmo code,30.0,°C,25.3,°C,35.1,°C,30.9,°C,2025-05-25T23:03,iso8601,2025-05-26T12:06,iso8601,47029.21,s,2717.54,s,4.9,,8.7,,17.9,mm,8.7,mm,0.0,cm,26.6,mm,21.0,h,93,%,14.0,km/h,34.6,km/h,167,°,9.55,MJ/m²,2.18,mm
2025-05-20,iso8601,17.375,96.5,0.16605854034423828,0,GMT,GMT,14.0,95,wmo code,34.1,°C,26.2,°C,41.0,°C,32.4,°C,2025-05-19T23:00,iso8601,2025-05-20T12:00,iso8601,46804.75,s,39539.73,s,7.05,,9.1,,0.0,mm,5.5,mm,0.0,cm,5.5,mm,4.0,h,35,%,10.5,km/h,19.8,km/h,183,°,20.06,MJ/m²,4.49,mm
2025-05-21,iso8601,17.375,96.5,0.16605854034423828,0,GMT,GMT,14.0,80,wmo code,34.1,°C,26.5,°C,41.2,°C,32.7,°C,2025-05-20T23:00,iso8601,2025-05-21T12:00,iso8601,46840.47,s,38643.46,s,8.4,,9.1,,0.0,mm,1.1,mm,0.0,cm,1.1,mm,4.0,h,38,%,12.4,km/h,23.4,km/h,192,°,21.43,MJ/m²,4.76,mm
2025-05-22,iso8601,17.375,96.5,0.16605854034423828,0,GMT,GMT,14.0,80,wmo code,34.5,°C,26.5,°C,40.7,°C,33.1,°C,2025-05-21T23:00,iso8601,2025-05-22T12:01,iso8601,46875.18,s,38984.33,s,9.0,,9.1,,0.0,mm,1.7,mm,0.0,cm,1.7,mm,4.0,h,68,%,12.4,km/h,24.8,km/h,202,°,20.99,MJ/m²,4.72,mm
2025-05-23,iso8601,17.375,96.5,0.16605854034423828,0,GMT,GMT,14.0,95,wmo code,33.4,°C,26.6,°C,40.9,°C,33.3,°C,2025-05-22T22:59,iso8601,2025-05-23T12:01,iso8601,46908.84,s,41065.84,s,9.05,,9.1,,0.0,mm,9.4,mm,0.0,cm,9.4,mm,22.0,h,65,%,14.9,km/h,27.4,km/h,161,°,20.11,MJ/m²,4.32,mm
2025-05-24,iso8601,17.375,96.5,0.16605854034423828,0,GMT,GMT,14.0,80,wmo code,34.1,°C,26.5,°C,40.9,°C,32.9,°C,2025-05-23T22:59,iso8601,2025-05-24T12:01,iso8601,46941.41,s,40356.1,s,8.9,,9.1,,0.0,mm,2.7,mm,0.0,cm,2.7,mm,9.0,h,78,%,16.2,km/h,30.6,km/h,158,°,20.85,MJ/m²,4.61,mm
2025-05-25,iso8601,17.375,96.5,0.16605854034423828,0,GMT,GMT,14.0,95,wmo code,31.4,°C,25.9,°C,37.5,°C,31.5,°C,2025-05-24T22:59,iso8601,2025-05-25T12:02,iso8601,46972.82,s,35161.17,s,4.55,,8.65,,0.0,mm,14.2,mm,0.0,cm,14.2,mm,23.0,h,93,%,14.4,km/h,27.0,km/h,136,°,17.21,MJ/m²,3.59,mm
2025-05-26,iso8601,17.375,96.5,0.16605854034423828,0,GMT,GMT,14.0,95,wmo code,27.1,°C,25.2,°C,32.9,°C,30.2,°C,2025-05-25T22:59,iso8601,2025-05-26T12:02,iso8601,47003.05,s,0.0,s,7.85,,8.65,,14.6,mm,7.9,mm,0.0,cm,22.5,mm,15.0,h,95,%,11.6,km/h,24.5,km/h,137,°,5.34,MJ/m²,1.26,mm
2025-05-20,iso8601,17.5,96.5,2.121448516845703,0,GMT,GMT,14.0,95,wmo code,33.9,°C,26.3,°C,40.4,°C,32.7,°C,2025-05-19T23:00,iso8601,2025-05-20T12:00,iso8601,46829.38,s,37958.95,s,7.45,,9.1,,0.0,mm,3.6,mm,0.0,cm,3.6,mm,3.0,h,35,%,9.3,km/h,17.6,km/h,182,°,19.57,MJ/m²,4.38,mm
2025-05-21,iso8601,17.5,96.5,2.121448516845703,0,GMT,GMT,14.0,45,wmo code,34.8,°C,26.3,°C,41.7,°C,32.9,°C,2025-05-20T23:00,iso8601,2025-05-21T12:01,iso8601,46865.38,s,39892.7,s,8.7,,9.1,,0.0,mm,0.5,mm,0.0,cm,0.5,mm,4.0,h,30,%,12.1,km/h,22.7,km/h,193,°,21.46,MJ/m²,4.82,mm
2025-05-22,iso8601,17.5,96.5,2.121448516845703,0,GMT,GMT,14.0,95,wmo code,34.9,°C,26.6,°C,41.5,°C,33.3,°C,2025-05-21T22:59,iso8601,2025-05-22T12:01,iso8601,46900.36,s,39636.34,s,8.5,,9.1,,0.0,mm,2.0,mm,0.0,cm,2.0,mm,6.0,h,65,%,11.1,km/h,22.7,km/h,205,°,21.29,MJ/m²,4.8,mm
2025-05-23,iso8601,17.5,96.5,2.121448516845703,0,GMT,GMT,14.0,80,wmo code,33.9,°C,26.6,°C,41.3,°C,33.4,°C,2025-05-22T22:59,iso8601,2025-05-23T12:01,iso8601,46934.27,s,39811.55,s,8.45,,9.1,,0.0,mm,9.1,mm,0.0,cm,9.1,mm,13.0,h,62,%,13.6,km/h,25.2,km/h,162,°,20.32,MJ/m²,4.43,mm
2025-05-24,iso8601,17.5,96.5,2.121448516845703,0,GMT,GMT,14.0,3,wmo code,34.0,°C,26.5,°C,40.9,°C,33.0,°C,2025-05-23T22:59,iso8601,2025-05-24T12:02,iso8601,46967.09,s,39642.03,s,8.6,,9.1,,0.0,mm,3.3,mm,0.0,cm,3.3,mm,9.0,h,87,%,15.2,km/h,29.9,km/h,154,°,20.74,MJ/m²,4.58,mm
2025-05-25,iso8601,17.5,96.5,2.121448516845703,0,GMT,GMT,14.0,95,wmo code,31.9,°C,25.8,°C,38.3,°C,31.5,°C,2025-05-24T22:59,iso8601,2025-05-25T12:02,iso8601,46998.75,s,34327.9,s,4.95,,8.65,,0.0,mm,15.4,mm,0.0,cm,15.4,mm,23.0,h,93,%,12.2,km/h,23.0,km/h,138,°,17.18,MJ/m²,3.62,mm
2025-05-26,iso8601,17.5,96.5,2.121448516845703,0,GMT,GMT,14.0,80,wmo code,27.1,°C,25.2,°C,32.9,°C,30.2,°C,2025-05-25T22:59,iso8601,2025-05-26T12:02,iso8601,47029.21,s,0.0,s,6.65,,8.65,,15.6,mm,6.9,mm,0.0,cm,22.5,mm,15.0,h,88,%,11.1,km/h,24.1,km/h,141,°,5.68,MJ/m²,1.3,mm
2025-05-20,iso8601,17.125,96.375,0.9598731994628906,0,GMT,GMT,12.0,80,wmo code,33.6,°C,26.2,°C,40.6,°C,33.0,°C,2025-05-19T23:01,iso8601,2025-05-20T12:00,iso8601,46755.59,s,38281.17,s,8.35,,9.15,,0.0,mm,0.4,mm,0.0,cm,0.4,mm,2.0,h,35,%,10.5,km/h,19.4,km/h,188,°,20.32,MJ/m²,4.44,mm
2025-05-21,iso8601,17.125,96.375,0.9598731994628906,0,GMT,GMT,12.0,95,wmo code,34.0,°C,26.4,°C,41.0,°C,33.4,°C,2025-05-20T23:01,iso8601,2025-05-21T12:00,iso8601,46790.77,s,39600.0,s,8.4,,9.15,,0.0,mm,2.7,mm,0.0,cm,2.7,mm,4.0,h,38,%,12.3,km/h,24.1,km/h,189,°,21.31,MJ/m²,4.68,mm
2025-05-22,iso8601,17.125,96.375,0.9598731994628906,0,GMT,GMT,12.0,95,wmo code,34.6,°C,26.5,°C,41.5,°C,33.6,°C,2025-05-21T23:01,iso8601,2025-05-22T12:01,iso8601,46824.95,s,37300.24,s,8.9,,9.15,,0.0,mm,3.2,mm,0.0,cm,3.2,mm,3.0,h,68,%,11.4,km/h,22.7,km/h,216,°,20.6,MJ/m²,4.55,mm
2025-05-23,iso8601,17.125,96.375,0.9598731994628906,0,GMT,GMT,12.0,95,wmo code,33.8,°C,26.6,°C,40.8,°C,33.7,°C,2025-05-22T23:00,iso8601,2025-05-23T12:01,iso8601,46858.1,s,39716.48,s,8.7,,9.15,,0.0,mm,5.1,mm,0.0,cm,5.1,mm,12.0,h,65,%,15.9,km/h,29.5,km/h,187,°,20.82,MJ/m²,4.52,mm
2025-05-24,iso8601,17.125,96.375,0.9598731994628906,0,GMT,GMT,12.0,80,wmo code,34.0,°C,26.7,°C,40.7,°C,33.2,°C,2025-05-23T23:00,iso8601,2025-05-24T12:02,iso8601,46890.16,s,39852.09,s,8.7,,9.15,,0.0,mm,3.0,mm,0.0,cm,3.0,mm,9.0,h,78,%,15.3,km/h,28.8,km/h,153,°,20.25,MJ/m²,4.45,mm
2025-05-25,iso8601,17.125,96.375,0.9598731994628906,0,GMT,GMT,12.0,96,wmo code,30.6,°C,26.1,°C,37.1,°C,32.6,°C,2025-05-24T23:00,iso8601,2025-05-25T12:02,iso8601,46921.11,s,29659.32,s,2.65,,8.7,,0.0,mm,16.2,mm,0.0,cm,16.2,mm,20.0,h,93,%,12.0,km/h,23.4,km/h,137,°,14.78,MJ/m²,3.07,mm
2025-05-26,iso8601,17.125,96.375,0.9598731994628906,0,GMT,GMT,12.0,95,wmo code,28.7,°C,25.6,°C,34.6,°C,30.7,°C,2025-05-25T23:00,iso8601,2025-05-26T12:02,iso8601,46950.87,s,0.0,s,7.5,,8.7,,18.6,mm,7.1,mm,0.0,cm,25.2,mm,12.0,h,95,%,8.9,km/h,22.0,km/h,159,°,5.96,MJ/m²,1.42,mm
2025-05-20,iso8601,17.75,96.625,1.3289451599121094,0,GMT,GMT,18.0,96,wmo code,33.5,°C,26.0,°C,39.9,°C,31.8,°C,2025-05-19T22:59,iso8601,2025-05-20T12:00,iso8601,46878.77,s,38298.64,s,7.0,,9.15,,0.0,mm,8.4,mm,0.0,cm,8.4,mm,5.0,h,58,%,9.3,km/h,16.6,km/h,168,°,20.77,MJ/m²,4.55,mm
2025-05-21,iso8601,17.75,96.625,1.3289451599121094,0,GMT,GMT,18.0,81,wmo code,34.2,°C,26.2,°C,41.7,°C,32.0,°C,2025-05-20T22:59,iso8601,2025-05-21T12:01,iso8601,46915.31,s,38012.78,s,8.45,,9.15,,0.0,mm,3.6,mm,0.0,cm,3.6,mm,4.0,h,44,%,12.6,km/h,23.8,km/h,178,°,22.38,MJ/m²,4.94,mm
2025-05-22,iso8601,17.75,96.625,1.3289451599121094,0,GMT,GMT,18.0,95,wmo code,33.9,°C,26.3,°C,41.4,°C,32.8,°C,2025-05-21T22:59,iso8601,2025-05-22T12:01,iso8601,46950.82,s,38307.61,s,8.6,,9.15,,0.0,mm,7.3,mm,0.0,cm,7.3,mm,12.0,h,70,%,10.1,km/h,23.0,km/h,179,°,20.33,MJ/m²,4.43,mm
2025-05-23,iso8601,17.75,96.625,1.3289451599121094,0,GMT,GMT,18.0,95,wmo code,33.8,°C,26.3,°C,41.9,°C,33.1,°C,2025-05-22T22:58,iso8601,2025-05-23T12:01,iso8601,46985.27,s,41073.38,s,8.55,,9.15,,0.0,mm,19.2,mm,0.0,cm,19.2,mm,18.0,h,66,%,11.5,km/h,25.2,km/h,169,°,21.51,MJ/m²,4.62,mm
2025-05-24,iso8601,17.75,96.625,1.3289451599121094,0,GMT,GMT,18.0,96,wmo code,34.2,°C,26.5,°C,41.9,°C,33.1,°C,2025-05-23T22:58,iso8601,2025-05-24T12:02,iso8601,47018.58,s,37185.02,s,7.7,,9.15,,0.0,mm,12.0,mm,0.0,cm,12.0,mm,12.0,h,82,%,13.3,km/h,25.2,km/h,162,°,22.19,MJ/m²,4.85,mm
2025-05-25,iso8601,17.75,96.625,1.3289451599121094,0,GMT,GMT,18.0,95,wmo code,31.7,°C,26.0,°C,38.4,°C,31.5,°C,2025-05-24T22:58,iso8601,2025-05-25T12:02,iso8601,47050.72,s,37627.76,s,4.85,,8.7,,0.0,mm,7.3,mm,0.0,cm,7.3,mm,17.0,h,90,%,14.0,km/h,27.4,km/h,165,°,19.2,MJ/m²,3.99,mm
2025-05-26,iso8601,17.75,96.625,1.3289451599121094,0,GMT,GMT,18.0,95,wmo code,27.1,°C,24.9,°C,32.9,°C,29.9,°C,2025-05-25T22:58,iso8601,2025-05-26T12:02,iso8601,47081.64,s,0.0,s,7.35,,8.7,,20.8,mm,11.1,mm,0.0,cm,31.6,mm,12.0,h,75,%,13.0,km/h,24.5,km/h,152,°,4.11,MJ/m²,1.01,mm
