date,temperature_2m,relative_humidity_2m,dew_point_2m,apparent_temperature,precipitation_probability,rain,showers,snowfall,snow_depth,weather_code,pressure_msl,surface_pressure,cloud_cover,cloud_cover_low,cloud_cover_mid,cloud_cover_high,visibility,evapotranspiration,et0_fao_evapotranspiration,vapour_pressure_deficit,precipitation,wind_speed_10m,wind_speed_80m,wind_speed_120m,wind_speed_180m,wind_direction_10m,wind_direction_80m,wind_direction_120m,wind_direction_180m,wind_gusts_10m,temperature_80m,temperature_120m,temperature_180m,soil_temperature_0cm,soil_temperature_6cm,soil_temperature_18cm,soil_temperature_54cm,soil_moisture_0_to_1cm,soil_moisture_1_to_3cm,soil_moisture_3_to_9cm,soil_moisture_9_to_27cm,soil_moisture_27_to_81cm
2025-05-14 00:00:00+00:00,26.6085,94.0,25.562286,33.22259,15.0,0.0,0.1,0.0,0.0,3.0,1007.1,1006.41144,100.0,58.0,45.0,100.0,24140.0,0.02,0.022672608,0.20882821,0.1,3.4152596,6.162207,7.24486,8.435069,71.564964,96.70974,116.56499,129.80553,10.08,26.0585,25.6585,25.1585,27.3585,27.8585,29.8085,30.3085,0.35,0.341,0.338,0.33,0.361
2025-05-14 01:00:00+00:00,27.5585,88.0,25.390821,33.86331,48.0,0.0,0.2,0.0,0.0,80.0,1008.2,1007.5129,91.0,54.0,34.0,70.0,24140.0,0.07000001,0.117656745,0.44156718,0.2,4.73506,5.1544156,7.5685663,10.195057,98.74608,102.09474,115.34614,132.13753,10.08,26.258501,25.758501,25.258501,30.1585,28.3085,29.7085,30.258501,0.357,0.345,0.338,0.33,0.361
2025-05-14 02:00:00+00:00,28.7085,83.0,25.533775,34.928623,70.0,0.0,0.5,0.0,0.0,80.0,1008.9,1008.21533,100.0,56.0,31.0,100.0,8160.0,0.17,0.23838347,0.6687889,0.5,5.95906,6.763786,6.763786,6.9247384,115.01687,115.20109,115.20109,117.89718,12.24,26.9585,26.258501,25.4585,32.858498,29.258501,29.6585,30.258501,0.366,0.355,0.339,0.33,0.361
2025-05-14 03:00:00+00:00,29.8585,79.0,25.820906,35.9745,83.0,0.0,0.1,0.0,0.0,3.0,1008.7,1008.01794,100.0,72.0,36.0,100.0,5120.0,0.26,0.337917,0.88273287,0.1,7.9932966,9.0,9.220499,9.726664,125.837746,126.86999,128.65984,128.991,17.28,27.8585,27.1585,26.3585,34.8085,30.4585,29.7085,30.258501,0.356,0.355,0.339,0.33,0.36
2025-05-14 04:00:00+00:00,30.1085,76.0,25.410652,35.218666,60.0,0.0,0.5,0.0,0.0,80.0,1008.8,1008.11847,100.0,83.0,51.0,100.0,24140.0,0.3,0.31432268,1.0234482,0.5,12.984975,16.039202,16.29174,16.29174,133.87679,134.09071,135.0001,135.0001,25.199999,28.4585,27.6585,26.8585,32.3085,31.258501,29.8085,30.258501,0.381,0.355,0.34,0.329,0.36
2025-05-14 05:00:00+00:00,30.4085,73.0,25.023111,35.112976,80.0,0.0,0.6,0.0,0.0,80.0,1008.6,1007.9193,100.0,76.0,39.0,100.0,11940.0,0.29000002,0.32193303,1.1713612,0.6,14.003028,18.328207,18.837324,18.837324,133.95847,135.0001,135.0001,135.0001,27.72,28.758501,28.0585,27.258501,32.7585,31.4085,29.9085,30.258501,0.383,0.368,0.341,0.329,0.36
2025-05-14 06:00:00+00:00,30.9585,70.0,24.846758,35.771553,85.0,0.0,0.2,0.0,0.0,3.0,1008.7,1008.02045,100.0,70.0,32.0,100.0,24140.0,0.34,0.43471262,1.3430114,0.2,12.538134,15.349684,15.629971,15.629971,140.82635,140.7106,141.54626,141.54626,29.16,29.258501,28.5585,27.6585,33.408497,32.3085,30.1085,30.258501,0.372,0.362,0.341,0.329,0.36
2025-05-14 07:00:00+00:00,30.9585,70.0,24.846758,35.709164,88.0,0.0,0.3,0.0,0.0,80.0,1007.9,1007.221,100.0,69.0,52.0,100.0,24140.0,0.31,0.40113935,1.3430114,0.3,12.88981,15.778516,15.986593,16.279802,144.09018,145.22209,144.16226,144.90411,25.56,28.9585,28.258501,27.3585,34.5085,32.5585,30.2085,30.258501,0.391,0.38,0.344,0.329,0.36
2025-05-14 08:00:00+00:00,30.3085,72.0,24.695988,35.066174,75.0,0.0,0.4,0.0,0.0,80.0,1006.7,1006.02026,100.0,61.0,56.0,100.0,24140.0,0.27,0.29239434,1.2078617,0.4,12.181624,14.77755,15.077082,15.379206,145.84026,145.92276,146.68936,147.42595,25.199999,28.6585,27.9585,27.0585,32.4585,32.4585,30.3585,30.258501,0.389,0.382,0.347,0.329,0.36
2025-05-14 09:00:00+00:00,30.258501,72.0,24.64802,35.16257,68.0,0.0,0.1,0.0,0.0,3.0,1006.0,1005.32074,100.0,68.0,56.0,100.0,24140.0,0.22,0.26267093,1.2044175,0.1,10.966713,13.570615,13.708391,14.039999,156.80138,158.19853,156.80139,157.3801,23.4,28.6585,27.9585,27.0585,32.608498,32.2085,30.508501,30.258501,0.382,0.377,0.349,0.329,0.36
2025-05-14 10:00:00+00:00,29.9585,72.0,24.3602,34.610332,58.0,0.0,0.1,0.0,0.0,3.0,1005.8,1005.12024,100.0,61.0,53.0,100.0,24140.0,0.20000002,0.2199792,1.183934,0.1,11.440979,14.512064,14.84318,14.84318,155.85446,156.61476,157.1663,157.1663,22.68,28.5585,27.8585,26.9585,31.2085,31.9585,30.6085,30.258501,0.374,0.372,0.351,0.329,0.36
2025-05-14 11:00:00+00:00,29.3085,75.0,24.416529,34.11453,38.0,0.0,0.2,0.0,0.0,3.0,1006.3,1005.61835,100.0,54.0,54.0,100.0,24140.0,0.14000002,0.12700804,1.0183103,0.2,10.636766,14.512064,14.84318,14.84318,156.0375,156.61476,157.1663,157.1663,21.96,28.1585,27.4585,26.6585,29.5585,31.3585,30.6585,30.258501,0.374,0.37,0.352,0.329,0.36
2025-05-14 12:00:00+00:00,28.508501,80.0,24.720835,33.648407,35.0,0.0,0.0,0.0,0.0,3.0,1006.8,1006.1161,100.0,27.0,58.0,100.0,24140.0,0.08,0.058348432,0.77781653,0.0,9.693296,15.042659,15.379206,15.716793,158.19853,158.96242,159.44388,159.90468,21.24,27.6585,27.0585,26.1585,28.1085,30.6085,30.6585,30.258501,0.366,0.367,0.353,0.329,0.36
2025-05-14 13:00:00+00:00,27.9085,85.0,25.151552,33.710133,20.0,0.0,0.0,0.0,0.0,3.0,1007.7,1007.0142,100.0,22.0,52.0,100.0,24140.0,0.04,0.0078166975,0.5633528,0.0,7.0911775,13.1041975,15.042659,15.844089,156.0375,159.07542,158.96242,158.68202,17.64,27.3585,26.6585,25.8585,27.6085,29.9085,30.6085,30.258501,0.363,0.364,0.353,0.33,0.36
2025-05-14 14:00:00+00:00,27.508501,88.0,25.341618,33.69593,20.0,0.0,0.0,0.0,0.0,3.0,1008.2,1007.5129,100.0,41.0,46.0,100.0,24140.0,0.03,0.0,0.44028258,0.0,5.315336,11.269782,14.007655,16.58346,151.69934,153.43501,154.09355,152.87878,12.599999,27.1585,26.5585,25.8585,27.3085,29.3585,30.5585,30.258501,0.361,0.361,0.353,0.33,0.36
2025-05-14 15:00:00+00:00,27.3585,90.0,25.572006,33.863647,18.0,0.0,0.0,0.0,0.0,3.0,1008.7,1008.0123,100.0,36.0,41.0,100.0,24140.0,0.02,0.0,0.36369133,0.0,4.198285,10.144082,13.363711,16.75064,149.03632,152.52565,152.74475,151.78275,9.36,27.0585,26.6585,26.0585,27.1585,28.9585,30.4585,30.258501,0.359,0.36,0.353,0.33,0.36
2025-05-14 16:00:00+00:00,27.1585,91.0,25.560621,33.634212,25.0,0.0,0.0,0.0,0.0,3.0,1008.7,1008.0116,97.0,32.0,47.0,91.0,24140.0,0.01,0.0,0.32351422,0.0,4.3498964,10.636766,14.33234,17.709658,155.55606,156.0375,154.72232,153.43501,7.92,27.0585,26.6585,26.0585,26.9585,28.6585,30.3585,30.258501,0.358,0.358,0.353,0.33,0.36
2025-05-14 17:00:00+00:00,27.008501,92.0,25.596388,33.647697,30.0,0.0,0.0,0.0,0.0,3.0,1008.4,1007.71155,100.0,42.0,56.0,100.0,24140.0,0.01,0.0,0.28505087,0.0,3.396233,9.659814,13.363711,16.75064,147.99466,153.43501,152.74475,151.78275,7.92,26.9585,26.5585,26.0585,26.758501,28.4085,30.2085,30.258501,0.356,0.357,0.353,0.331,0.36
2025-05-14 18:00:00+00:00,26.9085,92.0,25.49743,33.55319,50.0,0.0,0.0,0.0,0.0,3.0,1007.8,1007.11194,100.0,62.0,55.0,100.0,5740.0,0.01,0.0,0.28338695,0.0,2.9024127,7.928177,11.384198,15.077082,119.74479,140.52757,145.30478,146.68936,5.7599998,26.8585,26.4585,25.8585,26.758501,28.2085,30.1085,30.2085,0.355,0.356,0.353,0.331,0.36
2025-05-14 19:00:00+00:00,26.758501,93.0,25.530914,33.332176,58.0,0.0,0.6,0.0,0.0,80.0,1007.2,1006.512,100.0,69.0,74.0,100.0,24140.0,0.01,0.0,0.24578905,0.6,3.5455887,8.942214,12.475961,15.580141,113.962494,130.10085,136.16905,139.68597,6.4799995,26.5585,26.1585,25.6585,26.6585,28.0585,30.008501,30.2085,0.385,0.368,0.353,0.331,0.36
2025-05-14 20:00:00+00:00,26.6585,93.0,25.431822,33.147453,55.0,0.0,0.0,0.0,0.0,3.0,1006.6,1005.9122,100.0,55.0,84.0,100.0,7480.0,0.01,0.0,0.24435186,0.0,3.671294,7.628263,10.1887,13.004922,78.6901,109.290146,122.00535,131.63345,6.4799995,26.4585,26.1585,25.5585,26.5585,27.9585,29.8585,30.2085,0.372,0.37,0.354,0.331,0.36
2025-05-14 21:00:00+00:00,26.5585,93.0,25.332726,32.826263,68.0,0.0,0.0,0.0,0.0,3.0,1006.4,1005.712,100.0,60.0,50.0,100.0,9440.0,0.01,0.0,0.24292254,0.0,4.73506,9.826088,11.966953,13.891522,81.25392,98.42689,111.16133,121.218346,8.64,26.3585,26.0585,25.4585,26.508501,27.8085,29.758501,30.2085,0.368,0.367,0.355,0.331,0.36
2025-05-14 22:00:00+00:00,26.508501,93.0,25.283182,32.64464,78.0,0.0,0.1,0.0,0.0,3.0,1006.5,1005.8119,100.0,56.0,57.0,100.0,21820.0,0.01,0.0,0.24221039,0.1,5.4119864,11.304229,13.32,14.973577,86.186005,99.16227,108.92474,117.18103,9.36,26.258501,25.8585,25.258501,26.3585,27.7085,29.6585,30.2085,0.372,0.365,0.355,0.332,0.36
2025-05-14 23:00:00+00:00,26.258501,94.0,25.214998,32.454536,80.0,0.0,1.0,0.0,0.0,95.0,1006.9,1006.21106,100.0,57.0,70.0,100.0,12060.0,0.01,0.0,0.20457649,1.0,4.6938252,10.661107,13.237039,15.0038395,85.60138,101.68935,112.38018,120.256355,9.36,26.0585,25.6585,25.0585,26.2085,27.6085,29.508501,30.2085,0.412,0.384,0.356,0.332,0.36
2025-05-15 00:00:00+00:00,26.4085,94.0,25.363838,32.62339,65.0,0.0,0.0,0.0,0.0,3.0,1007.3,1006.61096,100.0,62.0,49.0,100.0,5360.0,0.02,0.02205442,0.20638943,0.0,5.2416787,10.440001,12.9249525,14.84318,74.054535,90.0,102.87501,112.833694,9.72,25.9585,25.6585,25.0585,26.758501,27.508501,29.4085,30.2085,0.39,0.387,0.359,0.332,0.36
2025-05-15 01:00:00+00:00,26.8585,91.0,25.264154,32.916016,70.0,0.0,0.9,0.0,0.0,95.0,1008.3,1007.61127,100.0,63.0,53.0,100.0,2720.0,0.050000004,0.067484505,0.3178854,0.9,5.8603754,9.449572,13.363711,16.489416,100.619606,107.74477,117.25525,126.11943,11.159999,25.8585,25.5585,24.9585,27.9085,27.6585,29.3085,30.1585,0.428,0.397,0.361,0.332,0.36
2025-05-15 02:00:00+00:00,27.5585,89.0,25.58103,33.735172,85.0,0.0,1.6,0.0,0.0,95.0,1009.3,1008.6121,100.0,61.0,56.0,100.0,480.0,0.10000001,0.12050972,0.40476155,1.6,6.489992,8.4963045,11.808878,17.057314,123.6901,126.384445,127.568665,134.14499,12.959999,26.3585,25.758501,25.1585,29.1085,28.0585,29.258501,30.1585,0.449,0.434,0.369,0.333,0.36
2025-05-15 03:00:00+00:00,28.3585,86.0,25.78961,34.20911,75.0,0.0,0.5,0.0,0.0,80.0,1009.5,1008.8139,100.0,68.0,85.0,100.0,160.0,0.17,0.19327056,0.5396931,0.5,9.686609,12.496718,13.004922,13.004922,131.98714,131.49637,131.63345,131.63345,19.08,27.0585,26.3585,25.4585,29.8585,28.6585,29.2085,30.1585,0.442,0.427,0.378,0.333,0.36
2025-05-15 04:00:00+00:00,28.258501,87.0,25.886543,33.80016,80.0,0.0,1.9,0.0,0.0,95.0,1009.4,1008.71375,100.0,69.0,96.0,100.0,860.0,0.20000002,0.16762003,0.49823737,1.9,12.261157,16.92383,17.429354,18.218275,139.76372,141.91118,141.7098,142.22426,23.4,26.9585,26.258501,25.3585,29.5585,28.9085,29.2085,30.1585,0.466,0.455,0.39,0.333,0.36
2025-05-15 05:00:00+00:00,28.4085,87.0,26.033932,34.0754,80.0,0.2,0.7,0.0,0.0,80.0,1008.7,1008.01483,100.0,70.0,100.0,100.0,9340.0,0.22,0.20378147,0.5025852,0.8,12.096214,16.78156,17.283749,18.289274,143.47105,144.60512,144.3235,143.8067,25.199999,27.0585,26.3585,25.4585,30.1085,29.1585,29.2085,30.1585,0.455,0.446,0.402,0.334,0.36
2025-05-15 06:00:00+00:00,28.008501,89.0,26.024471,33.70036,90.0,0.4,0.4,0.0,0.0,61.0,1007.9,1007.2144,100.0,69.0,100.0,100.0,24000.0,0.25,0.19464205,0.41549587,0.8,11.885453,16.075521,16.87398,18.58451,144.86572,145.95403,146.3099,148.46526,25.56,26.6585,26.0585,25.1585,29.0585,29.3085,29.258501,30.1585,0.449,0.442,0.41,0.335,0.36
2025-05-15 07:00:00+00:00,27.6085,90.0,25.818714,33.189384,88.0,0.9,0.1,0.0,0.0,61.0,1007.2,1006.5139,100.0,47.0,100.0,100.0,24140.0,0.22,0.15825953,0.36903048,1.1,11.681987,16.179987,16.981165,20.140705,146.3099,147.72438,147.99466,151.14444,24.48,26.3585,25.6585,25.0585,28.7085,29.1585,29.258501,30.1085,0.456,0.446,0.415,0.336,0.36
2025-05-15 08:00:00+00:00,27.7085,90.0,25.917395,33.763794,83.0,1.3,0.0,0.0,0.0,61.0,1006.6,1005.9143,100.0,57.0,100.0,100.0,5960.0,0.19,0.15483059,0.37118602,1.3,8.891343,12.287555,12.904882,15.315873,148.24057,148.17259,149.8587,150.42226,22.319998,26.5585,25.8585,25.1585,28.9585,29.0585,29.258501,30.1085,0.468,0.458,0.423,0.337,0.36
2025-05-15 09:00:00+00:00,28.0585,88.0,25.882835,34.09475,80.0,0.4,0.3,0.0,0.0,61.0,1006.2,1005.51556,100.0,52.0,100.0,100.0,6260.0,0.17,0.13690892,0.45459628,0.7,8.854829,12.879752,13.527572,15.463246,153.43501,153.43501,154.7989,155.22488,17.28,26.9585,26.258501,25.4585,28.7085,29.008501,29.258501,30.1085,0.469,0.458,0.43,0.339,0.36
2025-05-15 10:00:00+00:00,28.2085,87.0,25.837412,33.905373,73.0,0.0,0.7,0.0,0.0,80.0,1006.2,1005.5159,100.0,67.0,94.0,100.0,11560.0,0.14000002,0.11301596,0.49679422,0.7,10.966713,16.179985,16.854767,17.533146,156.80138,159.14546,160.0168,160.82089,20.16,27.258501,26.5585,25.6585,28.3585,28.9585,29.258501,30.1085,0.467,0.459,0.436,0.341,0.36
2025-05-15 11:00:00+00:00,27.9085,86.0,25.348087,33.473804,55.0,0.0,0.6,0.0,0.0,80.0,1006.5,1005.815,100.0,49.0,81.0,100.0,6340.0,0.11,0.07589971,0.52578473,0.6,9.605998,15.745627,17.163355,18.532133,167.00539,169.46088,170.34018,172.1848,20.16,27.1585,26.4585,25.6585,27.6585,28.758501,29.258501,30.1085,0.454,0.457,0.442,0.343,0.36
2025-05-15 12:00:00+00:00,27.3585,89.0,25.383936,33.26728,40.0,0.0,0.4,0.0,0.0,80.0,1006.9,1006.21356,100.0,52.0,54.0,100.0,8880.0,0.07000001,0.0345404,0.40006828,0.4,7.42159,13.849476,15.986595,18.751125,165.96373,171.02745,172.23492,176.6982,17.64,26.758501,26.1585,25.4585,26.8585,28.4585,29.258501,30.1085,0.459,0.453,0.442,0.345,0.36
2025-05-15 13:00:00+00:00,26.9585,92.0,25.546904,33.260014,35.0,0.0,0.3,0.0,0.0,80.0,1007.6,1006.91205,100.0,42.0,47.0,100.0,12460.0,0.03,0.0,0.28421807,0.3,5.4833565,12.224107,15.328561,18.751125,156.80138,166.37299,170.53775,176.6982,13.679999,26.6585,26.258501,25.6585,26.6085,28.1085,29.2085,30.0585,0.446,0.449,0.443,0.347,0.36
2025-05-15 14:00:00+00:00,26.8085,93.0,25.58046,33.084408,30.0,0.0,0.0,0.0,0.0,3.0,1008.5,1007.8111,100.0,43.0,44.0,100.0,24140.0,0.02,0.0,0.24651074,0.0,5.815978,13.202726,16.981165,20.880001,158.19853,168.9965,175.13557,180.0,10.08,26.758501,26.3585,25.8585,26.508501,27.8585,29.1585,30.0585,0.437,0.44,0.44,0.349,0.36
2025-05-15 15:00:00+00:00,26.7085,93.0,25.481363,32.917835,23.0,0.0,0.0,0.0,0.0,3.0,1009.2,1008.51044,100.0,40.0,49.0,100.0,24140.0,0.02,0.0,0.24506998,0.0,5.815978,14.205182,18.391735,22.3229,158.19853,171.25392,176.6336,180.92403,11.159999,26.758501,26.3585,25.8585,26.3585,27.6585,29.0585,30.0585,0.432,0.435,0.437,0.351,0.36
2025-05-15 16:00:00+00:00,26.6085,93.0,25.38227,32.870422,28.0,0.0,0.0,0.0,0.0,3.0,1009.3,1008.61,100.0,43.0,53.0,100.0,24140.0,0.01,0.0,0.24363685,0.0,5.00128,12.9249525,16.62249,20.880001,149.74365,167.125,175.03035,180.0,10.440001,26.6585,26.3585,25.9585,26.258501,27.4585,29.008501,30.0585,0.428,0.431,0.433,0.353,0.36
2025-05-15 17:00:00+00:00,26.4585,94.0,25.413446,32.597107,38.0,0.0,0.6,0.0,0.0,80.0,1009.0,1008.3098,100.0,48.0,48.0,100.0,7040.0,0.01,0.0,0.20699596,0.6,5.991594,14.24163,18.079027,21.349546,147.26479,159.27437,167.34744,174.19337,12.24,26.4585,26.258501,25.758501,26.2085,27.3585,28.9085,30.0585,0.44,0.441,0.432,0.355,0.36
2025-05-15 18:00:00+00:00,26.4085,94.0,25.363838,32.47093,43.0,0.0,0.0,0.0,0.0,3.0,1008.5,1007.8102,100.0,46.0,53.0,100.0,6900.0,0.01,0.0,0.20638943,0.0,6.28713,14.934577,18.998314,22.42427,156.3706,164.62369,170.18077,174.47255,11.879999,26.3585,26.0585,25.6585,26.0585,27.258501,28.8585,30.008501,0.431,0.433,0.431,0.356,0.36
2025-05-15 19:00:00+00:00,26.3085,94.0,25.26461,32.400127,35.0,0.0,0.0,0.0,0.0,3.0,1007.6,1006.9105,100.0,46.0,56.0,100.0,7040.0,0.01,0.0,0.20517921,0.0,5.634891,13.797913,18.35647,21.746504,153.43501,164.87595,168.69011,173.34567,11.159999,26.258501,25.9585,25.5585,26.0585,27.1585,28.758501,30.008501,0.426,0.429,0.428,0.358,0.36
2025-05-15 20:00:00+00:00,26.2085,95.0,25.343208,32.445007,28.0,0.0,0.0,0.0,0.0,3.0,1006.9,1006.21106,100.0,45.0,79.0,100.0,5940.0,0.01,0.0,0.16997576,0.0,5.00128,12.641076,17.114204,20.833395,149.74365,160.0168,165.37909,170.04944,10.440001,26.1585,25.9585,25.4585,25.9585,27.0585,28.7085,30.008501,0.423,0.425,0.426,0.359,0.36
2025-05-15 21:00:00+00:00,26.2085,95.0,25.343208,32.428196,25.0,0.0,0.0,0.0,0.0,3.0,1006.9,1006.21106,100.0,47.0,88.0,100.0,6920.0,0.01,0.0,0.16997576,0.0,5.1165614,12.55879,16.645864,19.93048,140.71062,152.70052,158.42863,163.20155,9.0,26.1585,25.9585,25.4585,26.008501,27.008501,28.6085,30.008501,0.42,0.422,0.423,0.361,0.36
2025-05-15 22:00:00+00:00,26.258501,95.0,25.392893,32.476994,35.0,0.0,0.0,0.0,0.0,3.0,1006.9,1006.21106,100.0,42.0,96.0,100.0,6680.0,0.01,0.0,0.17047596,0.1,5.3517847,13.281023,16.904673,20.188908,137.72638,147.17146,153.43501,158.00882,9.72,26.258501,25.9585,25.4585,26.008501,26.9585,28.5585,29.9585,0.418,0.42,0.421,0.362,0.36
2025-05-15 23:00:00+00:00,26.2085,96.0,25.519402,32.535263,35.0,0.1,0.0,0.0,0.0,61.0,1007.1,1006.4108,100.0,35.0,100.0,100.0,6300.0,0.01,0.0,0.13597775,0.1,5.1919937,13.004922,16.78156,19.694992,123.690094,138.36655,144.60512,149.21593,9.72,26.258501,25.9585,25.4585,25.9085,26.9085,28.4585,29.9585,0.416,0.418,0.419,0.363,0.36
2025-05-16 00:00:00+00:00,26.4085,95.0,25.54193,32.726795,30.0,0.0,0.0,0.0,0.0,3.0,1007.7,1007.01074,100.0,43.0,93.0,100.0,6340.0,0.01,0.020361563,0.17198658,0.0,5.3517847,13.551501,17.373497,20.808498,132.27362,140.38934,145.9806,149.88635,9.72,26.3585,26.1585,25.6585,26.508501,26.8585,28.4085,29.9585,0.415,0.417,0.417,0.364,0.36
2025-05-16 01:00:00+00:00,27.258501,92.0,25.843779,33.592735,42.0,0.0,0.7,0.0,0.0,80.0,1008.5,1007.8121,100.0,45.0,100.0,100.0,6520.0,0.050000004,0.073715515,0.28924632,0.7,6.638072,13.479583,18.218275,22.057161,139.39879,145.88548,150.39565,153.85323,12.959999,26.4585,26.1585,25.6585,27.9085,27.1585,28.3585,29.9585,0.434,0.433,0.417,0.365,0.36
2025-05-16 02:00:00+00:00,27.9585,89.0,25.975197,33.87882,57.0,0.0,0.0,0.0,0.0,3.0,1008.7,1008.0135,100.0,49.0,100.0,100.0,6460.0,0.10000001,0.1164059,0.41429138,0.0,10.086427,14.57889,19.969458,24.162947,145.17545,147.09476,152.04913,155.34412,18.72,26.8585,26.258501,25.758501,28.8585,27.5585,28.3085,29.9085,0.424,0.426,0.418,0.366,0.36
2025-05-16 03:00:00+00:00,28.6085,85.0,25.83736,34.09359,70.0,0.0,0.5,0.0,0.0,80.0,1009.2,1008.5147,100.0,35.0,89.0,100.0,7120.0,0.16,0.17711155,0.58668065,0.5,12.413476,17.902534,18.692286,19.0392,163.14153,164.84589,164.3577,164.64981,27.359999,27.3585,26.6585,25.8585,29.8085,28.008501,28.3085,29.9085,0.446,0.427,0.417,0.367,0.36
2025-05-16 04:00:00+00:00,29.008501,84.0,26.02907,35.021305,77.0,0.0,0.8,0.0,0.0,95.0,1009.1,1008.4157,100.0,49.0,97.0,100.0,7300.0,0.23,0.23552895,0.64042544,0.8,9.693296,12.768586,13.1041975,13.441071,158.19853,158.4985,159.07542,159.62349,27.72,27.6585,26.9585,26.1585,30.508501,28.6085,28.3585,29.9085,0.443,0.442,0.421,0.368,0.36
2025-05-16 05:00:00+00:00,29.7085,81.0,26.097414,35.62252,80.0,0.0,0.3,0.0,0.0,80.0,1008.4,1007.71783,100.0,72.0,85.0,100.0,7220.0,0.25,0.27800137,0.79178977,0.3,10.685391,13.397612,14.20062,14.512064,147.38077,149.30035,149.53453,150.2552,27.359999,28.258501,27.5585,26.6585,31.6585,29.3085,28.4085,29.9085,0.444,0.434,0.422,0.368,0.36
2025-05-16 06:00:00+00:00,29.8085,79.0,25.772379,35.38869,83.0,0.0,0.1,0.0,0.0,3.0,1007.5,1006.8187,100.0,68.0,77.0,100.0,7140.0,0.25,0.2596815,0.88020754,0.1,11.440979,14.182355,14.512064,14.84318,155.85446,156.0375,156.61476,157.1663,27.0,28.258501,27.5585,26.758501,31.9085,29.758501,28.508501,29.8585,0.425,0.429,0.423,0.369,0.36
2025-05-16 07:00:00+00:00,30.008501,78.0,25.751469,35.574043,87.0,0.0,0.0,0.0,0.0,3.0,1006.7,1006.01965,100.0,64.0,64.0,100.0,6180.0,0.25,0.31273186,0.93276525,0.0,11.440979,14.039999,14.372974,14.707222,155.85446,157.3801,157.93205,158.45895,28.44,28.258501,27.5585,26.6585,33.3085,30.258501,28.6585,29.8585,0.418,0.422,0.421,0.37,0.36
2025-05-16 08:00:00+00:00,30.9585,75.0,26.007612,36.346386,90.0,0.0,0.1,0.0,0.0,3.0,1006.4,1005.72205,100.0,72.0,50.0,100.0,6400.0,0.28000003,0.37380993,1.1190357,0.1,13.849476,17.106628,17.81909,18.175545,171.02745,171.52895,171.86998,172.03047,30.960001,28.9585,28.258501,27.3585,35.3085,30.9085,28.8085,29.8585,0.412,0.416,0.419,0.371,0.36
2025-05-16 09:00:00+00:00,30.9085,74.0,25.732847,36.080498,90.0,0.0,0.7,0.0,0.0,80.0,1006.0,1005.322,100.0,67.0,52.0,100.0,8420.0,0.31,0.33797997,1.1605239,0.7,14.04,18.36353,19.083395,19.083395,180.0,181.12328,181.0809,181.0809,34.2,29.258501,28.5585,27.6585,32.5585,31.4585,28.9585,29.8585,0.443,0.421,0.416,0.372,0.36
2025-05-16 10:00:00+00:00,29.758501,78.0,25.509197,34.88659,85.0,0.0,2.2,0.0,0.0,95.0,1006.1,1005.4193,100.0,58.0,53.0,100.0,9280.0,0.27,0.20952456,0.9195056,2.2,13.32,18.72346,19.443333,19.803272,180.0,181.10168,181.06088,181.04161,34.56,28.5585,27.8585,27.0585,29.508501,31.2085,29.1085,29.8585,0.48,0.465,0.423,0.372,0.36
2025-05-16 11:00:00+00:00,29.008501,82.0,25.622406,34.488422,76.0,0.0,0.5,0.0,0.0,80.0,1006.2,1005.5177,100.0,42.0,66.0,100.0,9720.0,0.14000002,0.101569965,0.7205117,0.5,11.440978,16.87398,17.581125,17.935081,167.27565,168.92984,169.3804,169.59235,31.68,28.0585,27.3585,26.4585,28.9585,30.4085,29.258501,29.8085,0.451,0.454,0.434,0.374,0.36
2025-05-16 12:00:00+00:00,28.4085,85.0,25.64142,34.37142,65.0,0.0,0.0,0.0,0.0,3.0,1006.7,1006.0162,100.0,33.0,42.0,100.0,7160.0,0.08,0.04552717,0.57993174,0.0,8.225035,13.905509,15.379206,16.055353,156.80139,158.74942,159.44388,160.34608,21.24,27.758501,27.0585,26.258501,27.9085,29.758501,29.3085,29.8085,0.437,0.44,0.435,0.375,0.36
2025-05-16 13:00:00+00:00,27.8585,89.0,25.876656,34.352116,50.0,0.0,0.0,0.0,0.0,3.0,1007.2,1006.5145,100.0,31.0,39.0,100.0,20660.0,0.03,0.0,0.41189075,0.0,5.692099,11.709688,14.291592,15.9134655,124.69522,135.0001,139.08571,142.35231,14.759999,27.5585,26.9585,26.258501,27.508501,29.1585,29.3085,29.8085,0.43,0.433,0.433,0.376,0.36
2025-05-16 14:00:00+00:00,27.5585,92.0,26.140646,34.59542,32.0,0.0,0.0,0.0,0.0,3.0,1008.2,1007.5129,100.0,40.0,40.0,100.0,12220.0,0.02,0.0,0.29435277,0.0,3.219938,8.714677,11.200571,13.276144,116.56499,128.2902,135.0001,139.39879,10.08,27.4585,26.9585,26.258501,27.258501,28.758501,29.3085,29.8085,0.426,0.429,0.431,0.378,0.36
2025-05-16 15:00:00+00:00,27.3585,93.0,26.125454,34.240314,20.0,0.0,0.4,0.0,0.0,80.0,1009.1,1008.412,100.0,53.0,46.0,100.0,24140.0,0.01,0.0,0.2545681,0.4,4.2136917,9.449572,12.181625,14.458382,160.0168,162.25523,161.0295,161.11382,11.159999,27.258501,26.8585,26.258501,27.1085,28.4085,29.258501,29.8085,0.433,0.434,0.429,0.379,0.36
2025-05-16 16:00:00+00:00,27.2085,93.0,25.976818,33.782177,17.0,0.0,0.0,0.0,0.0,3.0,1009.2,1008.5116,100.0,47.0,27.0,100.0,24140.0,0.01,0.0,0.25234842,0.0,5.6233797,12.287555,14.8257065,17.072504,140.19447,148.17259,150.9455,155.05612,10.08,27.1585,26.758501,26.1585,26.9085,28.1585,29.2085,29.8085,0.426,0.429,0.428,0.38,0.36
2025-05-16 17:00:00+00:00,26.9585,93.0,25.729094,33.236595,20.0,0.0,0.0,0.0,0.0,3.0,1008.8,1008.11127,100.0,45.0,30.0,100.0,24140.0,0.01,0.0,0.24868536,0.0,6.489992,14.48972,17.58481,20.150354,146.3099,153.43501,157.10942,161.24126,11.159999,26.9585,26.6585,26.0585,26.6585,27.9585,29.1585,29.8085,0.423,0.425,0.426,0.381,0.36
2025-05-16 18:00:00+00:00,26.8085,94.0,25.76074,32.972557,23.0,0.0,0.0,0.0,0.0,3.0,1008.0,1007.31146,100.0,42.0,65.0,100.0,24140.0,0.01,0.0,0.21129084,0.0,7.42159,16.79314,20.447239,23.263912,140.90616,149.03632,153.88615,158.19853,12.959999,26.758501,26.4585,25.9585,26.508501,27.758501,29.1085,29.8085,0.42,0.422,0.424,0.382,0.36
2025-05-16 19:00:00+00:00,26.758501,95.0,25.889679,33.16431,26.0,0.0,0.0,0.0,0.0,3.0,1007.2,1006.512,100.0,40.0,73.0,100.0,24140.0,0.01,0.0,0.17555642,0.0,6.3690495,15.408671,19.386593,22.7057,132.70937,142.59457,148.67137,154.65387,12.959999,26.6585,26.3585,25.8585,26.5585,27.6085,29.008501,29.758501,0.417,0.42,0.422,0.383,0.36
2025-05-16 20:00:00+00:00,26.758501,95.0,25.889679,33.219357,31.0,0.0,0.0,0.0,0.0,3.0,1006.6,1005.9124,100.0,45.0,95.0,100.0,24140.0,0.01,0.0,0.17555642,0.0,5.991594,14.264361,18.161278,21.370783,122.73522,132.95459,140.6307,147.38077,11.5199995,26.6585,26.3585,25.8585,26.6085,27.508501,28.9585,29.758501,0.415,0.418,0.42,0.384,0.36
2025-05-16 21:00:00+00:00,26.758501,95.0,25.889679,33.363777,33.0,0.0,0.0,0.0,0.0,3.0,1006.6,1005.9124,100.0,45.0,86.0,100.0,24140.0,0.01,0.0,0.17555642,0.0,5.00128,12.496718,16.595179,19.878391,120.256355,131.49637,139.39879,144.58286,10.799999,26.758501,26.4585,25.9585,26.5585,27.4585,28.8585,29.758501,0.414,0.416,0.419,0.385,0.36
2025-05-16 22:00:00+00:00,26.8085,95.0,25.939358,33.230717,20.0,0.0,0.0,0.0,0.0,3.0,1006.8,1006.11224,100.0,46.0,41.0,100.0,24140.0,0.01,0.0,0.1760714,0.0,6.489992,15.546833,19.373219,22.322903,123.6901,132.18437,138.01286,142.206,11.879999,26.8585,26.5585,25.9585,26.508501,27.4085,28.8085,29.758501,0.412,0.414,0.417,0.385,0.361
2025-05-16 23:00:00+00:00,26.7085,95.0,25.839998,32.95263,22.0,0.0,0.0,0.0,0.0,3.0,1006.7,1006.01215,100.0,45.0,36.0,100.0,24140.0,0.01,0.0,0.17504215,0.0,7.24486,17.283749,21.710716,24.946726,116.56499,125.6765,130.29207,135.0001,12.959999,26.8585,26.5585,25.9585,26.3585,27.3585,28.758501,29.758501,0.41,0.413,0.415,0.386,0.361
2025-05-17 00:00:00+00:00,27.008501,94.0,25.959188,33.44401,25.0,0.0,1.3,0.0,0.0,95.0,1008.2,1007.5117,100.0,51.0,56.0,100.0,24140.0,0.01,0.025887288,0.21377969,1.3,6.489992,14.973576,19.386591,23.452555,183.17976,170.31128,164.93146,162.12122,18.359999,26.758501,26.4585,25.9585,27.3585,27.3085,28.6585,29.758501,0.475,0.435,0.415,0.387,0.361
2025-05-17 01:00:00+00:00,27.7085,91.0,26.104128,34.09691,30.0,0.0,0.5,0.0,0.0,80.0,1008.5,1007.81305,100.0,55.0,77.0,100.0,24140.0,0.06,0.08758534,0.33405995,0.5,7.491114,12.904882,18.514643,22.7057,144.78232,149.8587,153.43501,154.65387,18.359999,26.6585,26.3585,25.8585,28.5585,27.6085,28.6085,29.7085,0.44,0.442,0.422,0.387,0.361
2025-05-17 02:00:00+00:00,28.758501,86.0,26.182072,34.616455,38.0,0.0,0.0,0.0,0.0,3.0,1009.0,1008.31525,100.0,61.0,58.0,100.0,23860.0,0.14000002,0.1717874,0.5523236,0.0,11.4862,15.990646,17.782686,23.507753,147.80429,148.81508,148.24057,152.6502,22.319998,27.4585,26.758501,26.258501,30.3085,28.1585,28.6085,29.7085,0.428,0.43,0.424,0.388,0.361
2025-05-17 03:00:00+00:00,29.508501,81.0,25.902678,34.764683,47.0,0.0,0.3,0.0,0.0,80.0,1009.2,1008.51666,100.0,74.0,45.0,100.0,5060.0,0.24,0.27090412,0.78275394,0.3,14.277983,18.775303,19.576189,20.073025,146.3099,147.52882,147.77127,147.45001,30.960001,27.9585,27.258501,26.3585,31.8585,28.9085,28.6085,29.7085,0.428,0.431,0.424,0.389,0.361
2025-05-17 04:00:00+00:00,30.3085,77.0,25.824251,35.54137,56.0,0.0,0.4,0.0,0.0,80.0,1009.1,1008.4186,100.0,48.0,38.0,100.0,18760.0,0.3,0.35069972,0.99205184,0.4,14.05845,18.668005,18.947083,19.453327,140.19447,140.4774,141.17017,141.009,33.12,28.5585,27.8585,26.9585,33.158497,29.758501,28.6585,29.7085,0.435,0.429,0.423,0.389,0.361
2025-05-17 05:00:00+00:00,31.4085,75.0,26.441484,37.530903,64.0,0.0,0.2,0.0,0.0,80.0,1008.6,1007.92145,100.0,69.0,24.0,100.0,19300.0,0.35000002,0.47733647,1.1479664,0.2,14.003028,17.31746,17.84816,17.84816,136.04153,136.68465,138.27058,138.27058,35.64,29.1585,28.4585,27.5585,36.658497,30.8585,28.8085,29.7085,0.423,0.427,0.423,0.39,0.361
2025-05-17 06:00:00+00:00,31.3085,74.0,26.11786,36.810085,70.0,0.0,1.4,0.0,0.0,95.0,1008.1,1007.42145,100.0,71.0,23.0,100.0,4740.0,0.40000004,0.44106838,1.1871712,1.4,14.4,18.079027,18.374111,18.671474,143.13002,144.7275,145.37578,146.0035,35.28,29.3585,28.6585,27.758501,34.158497,31.8085,29.008501,29.7085,0.464,0.449,0.424,0.39,0.361
2025-05-17 07:00:00+00:00,31.258501,75.0,26.296865,36.821686,75.0,0.0,0.9,0.0,0.0,95.0,1007.2,1006.5221,100.0,66.0,45.0,100.0,23800.0,0.36,0.39142963,1.1382506,0.9,14.021525,17.84816,18.35647,18.626305,138.12222,138.27058,138.17992,138.91835,34.2,29.3585,28.6585,27.758501,34.158497,32.0085,29.1585,29.6585,0.459,0.452,0.431,0.391,0.361
2025-05-17 08:00:00+00:00,30.4585,77.0,25.969364,35.561424,79.0,0.0,1.2,0.0,0.0,95.0,1006.6,1005.92065,100.0,66.0,39.0,100.0,9080.0,0.33,0.3178207,1.0005784,1.2,15.629971,20.523157,21.028437,21.313093,141.54626,142.12495,141.95291,142.54935,35.64,28.8585,28.0585,27.258501,32.0585,32.0085,29.3585,29.6585,0.468,0.463,0.437,0.392,0.361
2025-05-17 09:00:00+00:00,29.8085,79.0,25.772379,34.976948,83.0,0.0,0.3,0.0,0.0,80.0,1006.0,1005.31976,100.0,54.0,30.0,100.0,20220.0,0.24,0.22780222,0.88020754,0.3,14.264361,19.373219,19.881649,20.390114,137.04541,138.01286,137.93575,137.86247,35.28,28.3585,27.5585,26.758501,31.1085,31.5585,29.508501,29.6585,0.447,0.451,0.442,0.393,0.361
2025-05-17 10:00:00+00:00,29.8085,79.0,25.772379,35.08929,85.0,0.0,0.0,0.0,0.0,3.0,1005.5,1004.8201,100.0,40.0,4.0,100.0,20340.0,0.18,0.19148383,0.88020754,0.0,13.493999,18.59845,19.373219,19.61587,136.08084,137.35333,138.01286,137.2312,27.0,28.4585,27.758501,26.9585,30.9585,31.1585,29.6085,29.6585,0.435,0.44,0.441,0.394,0.361
2025-05-17 11:00:00+00:00,29.6585,79.0,25.626783,35.13764,85.0,0.0,0.0,0.0,0.0,3.0,1005.6,1004.91943,100.0,54.0,0.0,100.0,24140.0,0.13,0.13207701,0.8726709,0.0,11.457958,16.800856,17.309975,17.81909,133.72705,135.0001,135.0001,135.0001,25.56,28.5585,27.8585,27.0585,29.8585,30.8085,29.7085,29.6585,0.428,0.433,0.438,0.395,0.361
2025-05-17 12:00:00+00:00,29.008501,83.0,25.826807,34.809128,83.0,0.0,0.0,0.0,0.0,3.0,1005.8,1005.118,100.0,41.0,0.0,100.0,24140.0,0.07000001,0.055561807,0.68046784,0.0,10.195057,17.826363,19.09358,20.111729,132.13753,133.36346,134.23619,134.27486,21.599998,28.3585,27.6585,26.8585,28.4585,30.258501,29.758501,29.6585,0.425,0.429,0.435,0.397,0.361
2025-05-17 13:00:00+00:00,28.5585,86.0,25.985847,34.83979,77.0,0.0,0.7,0.0,0.0,80.0,1006.8,1006.11633,100.0,43.0,4.0,100.0,24140.0,0.050000004,0.008787394,0.54597616,0.7,7.653705,14.336861,16.199999,17.786331,138.81418,141.1155,143.13002,144.0578,19.44,28.0585,27.4585,26.758501,28.008501,29.758501,29.758501,29.6585,0.434,0.438,0.435,0.398,0.361
2025-05-17 14:00:00+00:00,28.0585,89.0,26.073742,34.788284,67.0,0.0,0.7,0.0,0.0,80.0,1008.1,1007.41425,100.0,45.0,8.0,100.0,24140.0,0.04,0.0,0.41670418,0.7,5.00128,10.587917,13.32,16.279802,149.74365,162.18102,161.07526,161.96562,17.64,27.758501,27.258501,26.6585,27.7085,29.258501,29.758501,29.6585,0.449,0.452,0.436,0.398,0.361
2025-05-17 15:00:00+00:00,27.6585,92.0,26.2396,34.698364,55.0,0.0,0.7,0.0,0.0,80.0,1009.0,1008.3127,100.0,47.0,12.0,100.0,24140.0,0.03,0.0,0.2960732,0.7,3.671294,9.726665,13.039754,16.700275,168.69011,177.87895,173.6599,172.56868,15.4800005,27.4585,27.0585,26.5585,27.4585,28.8585,29.7085,29.6585,0.458,0.46,0.437,0.399,0.361
2025-05-17 16:00:00+00:00,27.4085,93.0,26.175005,34.373734,43.0,0.0,0.0,0.0,0.0,3.0,1008.9,1008.21216,100.0,46.0,38.0,100.0,24140.0,0.02,0.0,0.25531125,0.0,3.8773184,10.739833,14.84318,18.861387,158.19853,166.42955,165.96373,166.75948,14.759999,27.258501,26.9585,26.4585,27.258501,28.5585,29.6585,29.6585,0.453,0.455,0.437,0.4,0.361
2025-05-17 17:00:00+00:00,27.3085,94.0,26.25686,34.11601,32.0,0.0,0.0,0.0,0.0,3.0,1008.4,1007.7125,100.0,45.0,64.0,100.0,24140.0,0.01,0.0,0.21756029,0.0,5.3517847,13.891522,18.193361,21.933426,137.72638,148.78166,152.92801,156.80138,13.679999,27.1585,26.8585,26.258501,27.1085,28.3085,29.6085,29.6585,0.441,0.443,0.438,0.402,0.362
2025-05-17 18:00:00+00:00,27.2085,94.0,26.15763,33.759403,25.0,0.0,0.0,0.0,0.0,3.0,1007.8,1007.11255,100.0,44.0,90.0,100.0,24140.0,0.01,0.0,0.216295,0.0,6.638072,16.641972,21.26744,24.826954,130.60121,141.14662,146.04091,150.46132,12.959999,27.1585,26.8585,26.258501,26.9585,28.1085,29.508501,29.6585,0.431,0.434,0.437,0.403,0.362
2025-05-17 19:00:00+00:00,27.1585,94.0,26.108025,33.67503,21.0,0.0,0.0,0.0,0.0,3.0,1007.2,1006.51263,100.0,42.0,60.0,100.0,24140.0,0.01,0.0,0.21566343,0.0,6.638072,16.595179,21.470612,25.189713,130.60121,139.39879,145.24402,149.03632,11.879999,27.258501,26.9585,26.3585,26.8085,27.9585,29.4085,29.6585,0.426,0.429,0.435,0.404,0.362
2025-05-17 20:00:00+00:00,27.1085,94.0,26.05841,33.66474,18.0,0.0,0.0,0.0,0.0,3.0,1006.5,1005.8131,100.0,41.0,30.0,100.0,24140.0,0.01,0.0,0.2150333,0.0,6.1305785,15.580141,20.674156,24.387178,130.23628,139.68597,144.92616,148.89125,10.799999,27.3585,27.1585,26.5585,26.6085,27.8585,29.3585,29.6585,0.424,0.427,0.432,0.404,0.362
2025-05-17 21:00:00+00:00,27.1085,94.0,26.05841,33.73871,17.0,0.0,0.0,0.0,0.0,3.0,1006.2,1005.5133,100.0,39.0,0.0,100.0,24140.0,0.01,0.0,0.2150333,0.0,5.6233797,14.84318,19.969458,23.893261,129.80553,140.90616,146.0234,149.18436,9.72,27.4585,27.258501,26.6585,26.6085,27.758501,29.258501,29.6585,0.423,0.426,0.43,0.405,0.362
2025-05-17 22:00:00+00:00,27.0585,94.0,26.0088,33.687088,17.0,0.0,0.2,0.0,0.0,80.0,1006.3,1005.6132,100.0,41.0,0.0,100.0,24140.0,-0.0,0.0,0.21440649,0.2,5.3999996,15.072783,20.172853,24.387178,126.86998,139.84407,145.17545,148.89125,12.24,27.3585,27.1585,26.5585,26.6085,27.5585,29.1585,29.6585,0.424,0.427,0.429,0.406,0.362
2025-05-17 23:00:00+00:00,27.008501,94.0,25.959188,33.56037,18.0,0.0,0.2,0.0,0.0,80.0,1006.8,1006.1126,100.0,43.0,0.0,100.0,19980.0,-0.0,0.0,0.21377969,0.2,5.692099,15.30741,20.883102,24.881702,124.69522,138.81418,144.11777,148.60979,14.4,27.0585,26.9585,26.3585,26.758501,27.4085,29.0585,29.6085,0.427,0.429,0.428,0.406,0.362
2025-05-18 00:00:00+00:00,27.258501,93.0,26.02637,33.792313,20.0,0.0,0.2,0.0,0.0,80.0,1007.3,1006.61285,100.0,45.0,0.0,100.0,23840.0,0.01,0.027039064,0.2530861,0.2,6.1305785,15.580141,20.674156,24.387178,130.23628,139.68597,144.92616,148.89125,16.919998,27.0585,26.8585,26.258501,27.4585,27.508501,29.008501,29.6085,0.43,0.432,0.428,0.407,0.362
2025-05-18 01:00:00+00:00,28.1085,89.0,26.123009,34.50926,24.0,0.0,0.5,0.0,0.0,80.0,1008.1,1007.41425,100.0,47.0,4.0,100.0,17000.0,0.06,0.107492834,0.4179151,0.5,7.491114,15.575981,19.386593,22.065973,144.78232,146.3099,148.67137,151.76265,21.24,27.4585,27.0585,26.3585,29.258501,28.0585,28.9585,29.6085,0.434,0.435,0.428,0.407,0.362
2025-05-18 02:00:00+00:00,29.258501,83.0,26.070993,35.210037,29.0,0.0,0.5,0.0,0.0,80.0,1008.9,1008.2166,100.0,50.0,9.0,100.0,13860.0,0.13,0.22264786,0.69033504,0.5,10.30883,15.617529,17.399586,18.86139,155.22488,154.02567,155.55606,156.3706,25.919998,27.9585,27.4585,26.5585,31.6085,28.8585,28.9085,29.6085,0.439,0.438,0.429,0.408,0.363
2025-05-18 03:00:00+00:00,30.2085,79.0,26.160622,35.92942,36.0,0.0,0.5,0.0,0.0,80.0,1009.4,1008.7181,100.0,52.0,13.0,100.0,14140.0,0.20000002,0.33683375,0.90058374,0.5,12.303366,16.179985,16.516901,16.854767,159.44388,159.14546,159.59003,160.0168,30.239998,28.4585,27.758501,26.8585,33.5085,29.6585,28.9085,29.6085,0.444,0.442,0.431,0.408,0.363
2025-05-18 04:00:00+00:00,30.758501,76.0,26.038464,36.22052,43.0,0.0,0.9,0.0,0.0,95.0,1009.1,1008.41956,100.0,58.0,12.0,100.0,15340.0,0.27,0.41471672,1.062103,0.8,13.527572,16.595179,16.92383,16.92383,154.7989,155.65892,156.16125,156.16125,32.039997,28.8585,28.0585,27.1585,34.5585,30.4585,29.008501,29.6085,0.45,0.448,0.433,0.409,0.363
2025-05-18 05:00:00+00:00,31.1585,75.0,26.200449,36.843693,50.0,0.0,0.9,0.0,0.0,95.0,1008.4,1007.72107,100.0,63.0,12.0,100.0,16360.0,0.33,0.45044184,1.1318138,0.8,14.386494,17.595861,17.906157,18.089775,148.29861,149.23735,149.82657,148.84076,34.2,29.1585,28.3585,27.4585,35.108498,31.258501,29.2085,29.6085,0.456,0.454,0.436,0.409,0.363
2025-05-18 06:00:00+00:00,31.258501,74.0,26.069738,36.78347,55.0,0.0,0.9,0.0,0.0,95.0,1007.7,1007.0217,100.0,69.0,11.0,100.0,19800.0,0.37000003,0.45350075,1.1838112,0.8,14.77755,18.472595,19.08,19.272614,145.92276,146.92932,148.10925,147.20047,36.0,29.258501,28.5585,27.6585,35.0585,31.8585,29.3585,29.6085,0.463,0.46,0.44,0.41,0.363
2025-05-18 07:00:00+00:00,31.0585,75.0,26.10403,36.356377,60.0,0.0,1.1,0.0,0.0,95.0,1007.1,1006.4215,100.0,70.0,22.0,100.0,24060.0,0.38,0.42552584,1.1254094,1.1,15.141414,19.483284,20.12461,20.288164,151.60707,152.48808,153.43501,152.52565,35.64,29.1585,28.4585,27.5585,34.108498,32.158497,29.508501,29.6085,0.471,0.465,0.444,0.411,0.363
2025-05-18 08:00:00+00:00,30.6085,76.0,25.893585,35.695606,64.0,0.0,1.1,0.0,0.0,95.0,1006.5,1005.821,100.0,71.0,34.0,100.0,24140.0,0.37000003,0.37305474,1.053072,1.1,15.379206,20.60823,20.948164,21.288757,159.44388,160.61539,160.9422,161.25856,35.28,28.9585,28.258501,27.3585,32.5085,32.2585,29.7085,29.6085,0.479,0.469,0.449,0.412,0.363
2025-05-18 09:00:00+00:00,30.1085,78.0,25.848372,35.230503,68.0,0.0,1.1,0.0,0.0,95.0,1006.1,1005.4203,100.0,72.0,45.0,100.0,24140.0,0.34,0.29803047,0.9381151,1.1,14.934577,20.780453,21.129883,21.479666,164.62369,165.96373,166.20049,166.42955,34.92,28.6585,27.9585,27.0585,31.0585,32.108498,29.8585,29.6085,0.483,0.472,0.454,0.413,0.363
2025-05-18 10:00:00+00:00,29.5585,80.0,25.741692,34.90188,71.0,0.0,0.7,0.0,0.0,80.0,1006.0,1005.31915,100.0,60.0,30.0,100.0,24140.0,0.28000003,0.20971291,0.8263397,0.7,12.9249525,18.430452,18.782204,19.13426,167.125,167.59259,167.82855,168.05585,30.960001,28.3585,27.6585,26.758501,29.9085,31.6585,29.9585,29.6085,0.479,0.472,0.458,0.415,0.363
2025-05-18 11:00:00+00:00,28.9585,82.0,25.573639,34.609684,72.0,0.0,0.7,0.0,0.0,80.0,1006.1,1005.41754,100.0,49.0,15.0,100.0,24140.0,0.21000002,0.12114009,0.71843743,0.7,10.041354,14.685176,15.03835,15.111424,165.4655,168.69011,168.9591,167.61925,27.359999,27.9585,27.258501,26.3585,28.8585,30.9585,30.008501,29.6085,0.47,0.471,0.462,0.417,0.363
2025-05-18 12:00:00+00:00,28.4085,85.0,25.64142,34.474674,70.0,0.0,0.7,0.0,0.0,80.0,1006.3,1005.61646,100.0,37.0,0.0,100.0,24140.0,0.14000002,0.04597289,0.57993174,0.7,7.5170207,11.874544,12.57426,12.9249525,163.30067,165.96373,166.75948,167.125,23.4,27.6585,26.9585,26.1585,28.0585,30.3085,30.0585,29.6085,0.461,0.467,0.464,0.419,0.363
2025-05-18 13:00:00+00:00,28.008501,88.0,25.833633,34.31609,64.0,0.0,0.0,0.0,0.0,3.0,1006.8,1006.1151,100.0,31.0,0.0,100.0,24140.0,0.09,0.003198332,0.45327878,0.0,6.763786,11.503113,12.864649,13.797913,154.7989,159.86362,162.07199,164.87595,19.44,27.4585,26.8585,26.1585,27.6085,29.758501,30.0585,29.6085,0.453,0.46,0.462,0.421,0.363
2025-05-18 14:00:00+00:00,27.7085,91.0,26.104128,34.242905,53.0,0.0,0.0,0.0,0.0,3.0,1007.5,1006.8137,100.0,24.0,0.0,100.0,24140.0,0.06,0.0,0.33405995,0.0,6.489992,13.0447235,14.84318,16.171976,146.3099,152.02061,157.1663,163.17851,15.4800005,27.3585,26.8585,26.1585,27.4085,29.258501,29.9585,29.6085,0.446,0.452,0.457,0.423,0.364
2025-05-18 15:00:00+00:00,27.4585,93.0,26.224545,34.05557,41.0,0.0,0.0,0.0,0.0,3.0,1007.9,1007.21313,100.0,18.0,0.0,100.0,24140.0,0.03,0.0,0.25605726,0.0,6.638072,13.891522,16.267857,18.556595,139.39879,148.78166,155.13632,161.91646,11.5199995,27.258501,26.8585,26.258501,27.258501,28.8085,29.9085,29.6085,0.44,0.445,0.452,0.425,0.364
2025-05-18 16:00:00+00:00,27.258501,94.0,26.207249,33.91788,28.0,0.0,0.0,0.0,0.0,3.0,1007.9,1007.2125,100.0,24.0,5.0,100.0,24140.0,0.02,0.0,0.21692729,0.0,6.1305785,14.20062,17.072504,20.150354,139.76372,149.53453,155.05612,161.24126,10.799999,27.258501,26.8585,26.3585,27.0585,28.508501,29.8585,29.6085,0.436,0.44,0.448,0.426,0.364
2025-05-18 17:00:00+00:00,27.1585,94.0,26.108025,33.782017,17.0,0.0,0.0,0.0,0.0,3.0,1007.7,1007.01227,100.0,29.0,11.0,100.0,24140.0,0.01,0.0,0.21566343,0.0,5.904439,13.849477,17.58481,21.288757,142.43134,152.10283,157.10942,161.25856,10.440001,27.1585,26.8585,26.3585,26.9085,28.3085,29.758501,29.6085,0.433,0.437,0.445,0.427,0.364
2025-05-18 18:00:00+00:00,27.0585,94.0,26.0088,33.717422,10.0,0.0,0.0,0.0,0.0,3.0,1007.4,1006.71246,100.0,35.0,16.0,100.0,24140.0,0.01,0.0,0.21440649,0.0,5.1919937,13.37825,17.654688,21.518847,146.3099,156.19405,159.71736,162.47435,9.72,27.1585,26.8585,26.3585,26.8085,28.1585,29.6585,29.6085,0.432,0.436,0.443,0.428,0.364
2025-05-18 19:00:00+00:00,26.9585,94.0,25.909573,33.648613,35.0,0.0,0.4,0.0,0.0,3.0,1007.0,1006.3125,100.0,44.0,18.0,100.0,24140.0,0.01,0.0,0.21315527,0.4,4.510787,12.181625,16.418526,19.9954,151.38963,161.0295,164.74483,166.46413,8.64,27.0585,26.758501,26.258501,26.7085,28.008501,29.5585,29.6085,0.435,0.439,0.443,0.428,0.364
2025-05-18 20:00:00+00:00,26.9085,95.0,26.038713,33.7974,29.0,0.0,0.4,0.0,0.0,3.0,1006.5,1005.81287,100.0,53.0,19.0,100.0,24140.0,0.01,0.0,0.17710638,0.4,3.7585104,10.594036,14.561099,17.771753,163.30067,170.21767,171.46931,173.01904,7.5599995,26.9585,26.5585,26.0585,26.6085,27.8585,29.4585,29.6085,0.44,0.444,0.444,0.429,0.365
2025-05-18 21:00:00+00:00,26.8585,95.0,25.98903,33.725903,23.0,0.0,0.4,0.0,0.0,3.0,1006.2,1005.5127,100.0,62.0,21.0,100.0,24140.0,0.01,0.0,0.17658901,0.4,3.671294,9.746631,13.339445,16.563911,168.69011,175.76369,176.906,178.75467,6.4799995,26.8585,26.4585,25.9585,26.6085,27.758501,29.3585,29.6085,0.443,0.447,0.445,0.429,0.365
2025-05-18 22:00:00+00:00,26.758501,96.0,26.06659,33.628105,19.0,0.0,0.0,0.0,0.0,3.0,1006.3,1005.6126,100.0,57.0,25.0,100.0,24140.0,-0.0,0.0,0.1404419,0.0,4.0249224,10.1376915,13.698934,16.919998,169.6952,173.8846,176.98727,180.0,7.5599995,26.6585,26.3585,25.758501,26.5585,27.6085,29.258501,29.6085,0.44,0.444,0.444,0.43,0.365
2025-05-18 23:00:00+00:00,26.7085,96.0,26.016844,33.466682,16.0,0.0,0.0,0.0,0.0,3.0,1006.7,1006.01215,100.0,52.0,29.0,100.0,24140.0,-0.0,0.0,0.14003038,0.0,4.5536795,11.013882,14.471821,17.643673,161.56496,168.69011,174.2895,178.83089,9.0,26.4585,26.1585,25.6585,26.6585,27.508501,29.1585,29.6085,0.435,0.439,0.442,0.43,0.366
2025-05-19 00:00:00+00:00,26.9585,95.0,26.088388,33.63016,15.0,0.0,0.0,0.0,0.0,3.0,1007.1,1006.4124,100.0,47.0,33.0,100.0,24140.0,0.01,0.022551397,0.17762566,0.0,5.4833565,11.966954,14.973576,17.673029,156.80138,164.2913,170.31128,176.49654,10.08,26.5585,26.258501,25.6585,27.3585,27.6085,29.1085,29.6085,0.431,0.434,0.44,0.431,0.366
2025-05-19 01:00:00+00:00,27.8585,90.0,26.065418,34.302395,16.0,0.0,0.1,0.0,0.0,80.0,1007.5,1006.81433,100.0,48.0,33.0,100.0,24140.0,0.050000004,0.08839448,0.37443852,0.1,6.9247384,11.966953,14.145756,16.039202,152.10283,158.83867,165.2564,170.9606,14.4,27.0585,26.6585,25.9585,29.4085,28.0585,29.0585,29.6085,0.429,0.431,0.438,0.431,0.366
2025-05-19 02:00:00+00:00,29.1085,84.0,26.126888,35.332653,19.0,0.0,0.1,0.0,0.0,80.0,1008.0,1007.31683,100.0,49.0,34.0,100.0,24140.0,0.10000001,0.18724537,0.6441262,0.1,8.707237,11.91812,12.904882,14.118243,150.2552,154.98314,157.01126,160.64091,18.72,27.758501,27.1585,26.4585,32.108498,28.758501,29.008501,29.5585,0.428,0.428,0.435,0.432,0.366
2025-05-19 03:00:00+00:00,30.1085,79.0,26.06356,36.123566,24.0,0.0,0.1,0.0,0.0,80.0,1008.2,1007.5189,100.0,50.0,34.0,100.0,24140.0,0.16,0.29269066,0.89545226,0.1,9.826088,12.074766,12.55879,13.202726,151.55717,153.43501,152.70052,154.1337,23.039999,28.3585,27.6585,26.8585,33.858498,29.508501,29.008501,29.5585,0.433,0.43,0.434,0.432,0.366
2025-05-19 04:00:00+00:00,30.5585,77.0,26.066113,36.47674,30.0,0.0,1.0,0.0,0.0,95.0,1008.0,1007.31995,100.0,55.0,42.0,100.0,24140.0,0.24,0.3610368,1.0062976,1.0,10.495713,12.768586,12.904882,13.237039,157.8336,158.4985,157.01126,157.61983,24.119999,28.758501,28.0585,27.258501,33.8085,30.4585,29.1085,29.5585,0.447,0.44,0.435,0.432,0.366
2025-05-19 05:00:00+00:00,30.8085,76.0,26.086754,36.641094,37.0,0.0,1.0,0.0,0.0,95.0,1007.6,1006.92096,100.0,61.0,50.0,100.0,24140.0,0.32,0.41085857,1.0651274,1.0,11.177405,13.450708,13.797913,13.797913,165.06853,164.47583,164.87595,164.87595,25.56,29.1585,28.4585,27.5585,32.8085,31.4585,29.3085,29.5585,0.467,0.454,0.438,0.431,0.367
2025-05-19 06:00:00+00:00,30.9085,76.0,26.183336,36.846855,44.0,0.0,1.0,0.0,0.0,95.0,1007.3,1006.62115,100.0,66.0,58.0,100.0,24140.0,0.38,0.43347946,1.0712004,1.0,11.720751,14.264361,14.618837,14.618837,169.3804,169.82455,170.07382,170.07382,26.64,29.3585,28.6585,27.758501,32.0585,32.2085,29.4085,29.5585,0.481,0.464,0.44,0.431,0.367
2025-05-19 07:00:00+00:00,31.0585,76.0,26.328201,37.06139,51.0,0.0,1.1,0.0,0.0,3.0,1006.5,1005.82196,100.0,55.0,42.0,100.0,24140.0,0.34,0.3551794,1.0803668,1.1,11.159999,13.32,13.32,13.684735,180.0,180.0,180.0,181.5074,23.039999,29.3585,28.6585,27.758501,33.658497,31.4585,29.1085,29.3585,0.45,0.445,0.446,0.45,0.38
2025-05-19 08:00:00+00:00,30.4585,79.0,26.403263,36.462933,58.0,0.0,1.1,0.0,0.0,3.0,1005.6,1004.9213,100.0,45.0,50.0,100.0,24140.0,0.31,0.27544665,0.9135275,1.1,11.5199995,14.404499,14.404499,14.764389,180.0,181.43207,181.43207,181.39716,22.319998,28.8585,28.1585,27.3585,32.408497,31.1085,29.258501,29.3585,0.446,0.447,0.452,0.451,0.381
2025-05-19 09:00:00+00:00,29.9085,81.0,26.292154,35.88773,64.0,0.0,1.1,0.0,0.0,3.0,1005.0,1004.32043,100.0,36.0,57.0,100.0,24140.0,0.28000003,0.20862417,0.8009162,1.1,11.165805,14.77755,15.137133,15.496736,181.84756,182.79265,182.72626,182.66295,21.96,28.5585,27.8585,27.0585,31.2085,30.758501,29.3585,29.3585,0.442,0.448,0.456,0.451,0.381
2025-05-19 10:00:00+00:00,29.6585,82.0,26.256308,35.815285,69.0,0.0,0.3,0.0,0.0,3.0,1004.9,1004.2199,100.0,37.0,40.0,100.0,24140.0,0.24,0.16524357,0.7479508,0.2,9.779817,14.205182,14.618837,14.973576,186.3401,188.74608,189.92618,189.68872,20.16,28.5585,27.8585,27.0585,30.1585,30.508501,29.4585,29.3585,0.441,0.448,0.456,0.451,0.381
2025-05-19 11:00:00+00:00,29.4085,82.0,26.012506,35.62549,72.0,0.0,0.3,0.0,0.0,3.0,1005.1,1004.4194,100.0,39.0,22.0,100.0,24140.0,0.20000002,0.11647328,0.73729086,0.2,8.209263,12.979984,14.118243,14.578888,195.25517,199.44012,199.35909,200.22495,18.72,28.758501,28.0585,27.258501,29.1085,30.258501,29.508501,29.3585,0.442,0.447,0.453,0.452,0.382
2025-05-19 12:00:00+00:00,29.1585,83.0,25.973318,35.58095,73.0,0.0,0.3,0.0,0.0,3.0,1005.4,1004.7186,100.0,40.0,5.0,100.0,24140.0,0.15,0.049371224,0.6863737,0.2,6.6185193,12.245293,13.527572,14.168641,202.38017,204.30453,205.2011,207.21602,16.919998,28.758501,28.1585,27.3585,28.3085,29.9585,29.5585,29.3585,0.441,0.445,0.451,0.452,0.382
2025-05-19 13:00:00+00:00,28.7085,86.0,26.133013,35.443092,72.0,0.0,0.0,0.0,0.0,3.0,1006.0,1005.31726,100.0,28.0,3.0,100.0,24140.0,0.10000001,0.0021799894,0.55073094,0.0,5.2416787,11.165805,12.904882,14.007655,195.94547,200.77234,202.98874,205.90645,14.4,28.4585,27.9585,27.1585,27.8085,29.5585,29.5585,29.3585,0.439,0.443,0.449,0.452,0.382
2025-05-19 14:00:00+00:00,28.1585,89.0,26.172281,35.05587,69.0,0.0,0.0,0.0,0.0,3.0,1006.7,1006.01556,100.0,17.0,2.0,100.0,24140.0,0.050000004,0.0,0.41913056,0.0,4.32,10.182337,11.874544,13.441071,180.0,188.13002,194.03627,200.37651,12.24,27.9585,27.5585,26.9585,27.5585,29.0585,29.508501,29.3585,0.436,0.44,0.447,0.452,0.383
2025-05-19 15:00:00+00:00,27.758501,92.0,26.338554,34.804283,65.0,0.0,0.0,0.0,0.0,3.0,1007.1,1006.4143,100.0,5.0,0.0,100.0,24140.0,0.02,0.0,0.29780006,0.0,4.1046314,9.72,11.659777,13.5515,164.74483,180.0,188.88058,196.9909,9.72,27.6585,27.258501,26.758501,27.3585,28.6585,29.4585,29.3585,0.433,0.437,0.445,0.452,0.383
2025-05-19 16:00:00+00:00,27.5585,93.0,26.32364,34.64467,59.0,0.0,0.0,0.0,0.0,3.0,1007.0,1006.3137,100.0,16.0,0.0,100.0,24140.0,0.01,0.0,0.25755405,0.0,3.7585104,9.36,11.659777,13.661038,163.30067,180.0,188.88058,198.43504,8.64,27.5585,27.258501,26.758501,27.1085,28.3585,29.4085,29.3585,0.43,0.434,0.443,0.452,0.383
2025-05-19 17:00:00+00:00,27.4085,93.0,26.175005,34.455147,53.0,0.0,0.0,0.0,0.0,3.0,1006.5,1005.8138,100.0,28.0,0.0,100.0,24140.0,0.01,0.0,0.25531125,0.0,3.319036,9.028754,11.874544,13.905509,167.4712,184.57384,194.03627,201.25058,7.92,27.6585,27.3585,26.8585,26.9585,28.1585,29.3085,29.3585,0.427,0.432,0.441,0.451,0.384
2025-05-19 18:00:00+00:00,27.3085,93.0,26.075914,34.29513,46.0,0.0,0.0,0.0,0.0,3.0,1006.1,1005.41406,100.0,39.0,0.0,100.0,24140.0,0.01,0.0,0.2538252,0.0,3.2599385,9.114471,12.0694,14.182355,173.6599,189.0902,197.35411,203.9625,6.8399997,27.5585,27.3585,26.758501,26.8085,28.008501,29.258501,29.3585,0.429,0.432,0.44,0.451,0.384
2025-05-19 19:00:00+00:00,27.1085,94.0,26.05841,33.981285,39.0,0.0,0.3,0.0,0.0,80.0,1005.8,1005.1135,100.0,45.0,6.0,100.0,24140.0,0.01,0.0,0.2150333,0.3,3.96,9.9571085,12.768586,14.81259,180.0,192.5288,201.5015,205.94225,8.28,27.258501,26.9585,26.4585,26.7085,27.8585,29.1585,29.3585,0.44,0.436,0.439,0.451,0.384
2025-05-19 20:00:00+00:00,26.9085,94.0,25.859964,33.480034,33.0,0.0,0.3,0.0,0.0,80.0,1005.4,1004.7136,100.0,51.0,13.0,100.0,24140.0,0.01,0.0,0.21253276,0.3,5.0911684,10.931203,13.708391,15.629971,188.13002,197.24155,203.19861,208.92633,10.08,26.8585,26.4585,25.9585,26.6585,27.758501,29.1085,29.3085,0.454,0.441,0.438,0.45,0.385
2025-05-19 21:00:00+00:00,26.8085,95.0,25.939358,33.330635,27.0,0.0,0.3,0.0,0.0,80.0,1005.3,1004.6133,100.0,57.0,19.0,100.0,24140.0,0.01,0.0,0.1760714,0.3,5.8048253,11.966954,14.372974,16.09969,187.12492,195.7087,202.06795,206.56499,11.5199995,26.5585,26.1585,25.6585,26.6585,27.6585,29.008501,29.3085,0.462,0.444,0.438,0.45,0.385
2025-05-19 22:00:00+00:00,26.7085,96.0,26.016844,33.236717,22.0,0.0,0.0,0.0,0.0,3.0,1005.5,1004.8129,100.0,48.0,14.0,100.0,24140.0,-0.0,0.0,0.14003038,0.0,6.130579,12.6462,15.463244,17.309973,176.6336,184.899,192.09474,196.9276,11.879999,26.4585,26.0585,25.5585,26.6085,27.508501,28.9085,29.3085,0.455,0.442,0.439,0.45,0.385
2025-05-19 23:00:00+00:00,26.6585,96.0,25.967102,33.116238,19.0,0.0,0.0,0.0,0.0,3.0,1005.8,1005.11273,100.0,40.0,8.0,100.0,24140.0,-0.0,0.0,0.1396215,0.0,6.379216,13.797912,17.28,19.164719,163.61038,172.50424,180.0,185.38922,12.24,26.3585,26.1585,25.6585,26.6585,27.3085,28.8085,29.3085,0.441,0.438,0.44,0.449,0.386
2025-05-20 00:00:00+00:00,26.9085,95.0,26.038713,33.331573,18.0,0.0,0.0,0.0,0.0,3.0,1006.1,1005.4131,100.0,31.0,3.0,100.0,24140.0,0.01,0.024558876,0.17710638,0.0,6.9527545,14.84318,18.129137,20.163212,158.74942,165.96373,173.15732,178.97699,12.599999,26.5585,26.3585,25.8585,27.3085,27.4085,28.758501,29.3085,0.431,0.435,0.44,0.449,0.386
2025-05-20 01:00:00+00:00,27.7085,91.0,26.104128,34.042744,19.0,0.0,0.1,0.0,0.0,80.0,1006.4,1005.7145,100.0,39.0,2.0,100.0,24140.0,0.04,0.09374968,0.33405995,0.1,7.8625183,14.408997,16.700275,18.374111,164.05453,167.00539,172.56868,177.7543,15.119999,26.9585,26.6585,26.0585,29.1085,27.8585,28.7085,29.3085,0.429,0.434,0.439,0.449,0.386
2025-05-20 02:00:00+00:00,28.8585,85.0,26.082283,35.0001,22.0,0.0,0.1,0.0,0.0,80.0,1006.7,1006.01715,100.0,47.0,1.0,100.0,24140.0,0.09,0.18725215,0.5952139,0.1,9.0645685,12.682018,14.081478,15.124284,173.15732,173.4803,175.60138,178.63611,17.28,27.5585,27.0585,26.258501,31.5585,28.5585,28.6585,29.3085,0.431,0.433,0.437,0.448,0.387
2025-05-20 03:00:00+00:00,29.9085,80.0,26.081955,35.898746,26.0,0.0,0.1,0.0,0.0,80.0,1006.8,1006.1192,100.0,55.0,0.0,100.0,24140.0,0.15,0.2873385,0.8430886,0.1,10.086427,11.885453,12.245294,12.620554,182.04536,181.73567,181.68465,183.27042,19.8,28.258501,27.5585,26.6585,33.4585,29.4085,28.7085,29.3085,0.435,0.433,0.436,0.448,0.387
2025-05-20 04:00:00+00:00,30.8085,76.0,26.086754,36.73422,31.0,0.0,0.4,0.0,0.0,80.0,1006.5,1005.8217,100.0,60.0,10.0,100.0,18720.0,0.25,0.39019415,1.0651274,0.4,10.538843,11.659777,11.659777,11.659777,187.85323,188.88058,188.88058,188.88058,21.24,28.9585,28.258501,27.3585,34.5085,30.6085,28.8085,29.3085,0.44,0.431,0.435,0.447,0.387
2025-05-20 05:00:00+00:00,31.6585,74.0,26.454739,38.242718,37.0,0.0,0.4,0.0,0.0,80.0,1005.9,1005.22394,100.0,64.0,20.0,100.0,13320.0,0.37000003,0.48012176,1.2109184,0.4,10.829959,11.966954,11.966954,11.966954,195.42223,195.7087,195.7087,195.7087,23.039999,29.758501,29.0585,28.1585,35.0085,32.0085,29.008501,29.3085,0.446,0.43,0.434,0.446,0.387
2025-05-20 06:00:00+00:00,32.108498,72.0,26.422592,38.904472,43.0,0.0,0.4,0.0,0.0,80.0,1005.3,1004.62524,100.0,69.0,30.0,100.0,7900.0,0.44,0.51853263,1.3376732,0.4,10.966713,12.57426,12.57426,12.57426,203.19862,203.6294,203.6294,203.6294,24.48,30.258501,29.5585,28.6585,35.0085,32.9585,29.2085,29.3085,0.453,0.433,0.435,0.445,0.387
2025-05-20 07:00:00+00:00,32.0085,72.0,26.326683,38.213825,50.0,0.0,1.1,0.0,0.0,95.0,1004.8,1004.12537,100.0,66.0,30.0,100.0,13320.0,0.44,0.47094375,1.3301558,1.1,11.792404,13.584932,13.891522,13.584932,211.26367,212.00534,211.21834,212.00534,25.56,30.258501,29.5585,28.6585,34.2085,33.158497,29.4085,29.3085,0.465,0.445,0.438,0.444,0.387
2025-05-20 08:00:00+00:00,31.508501,73.0,26.08013,37.169262,56.0,0.0,1.1,0.0,0.0,95.0,1004.3,1003.62476,100.0,63.0,29.0,100.0,18720.0,0.39000002,0.373472,1.2469034,1.1,12.313894,15.349684,15.629971,15.629971,217.87505,219.2894,218.45374,218.45374,26.28,29.9585,29.258501,28.3585,32.858498,32.858498,29.6085,29.3085,0.478,0.462,0.443,0.444,0.388
2025-05-20 09:00:00+00:00,30.9585,75.0,26.007612,36.543663,61.0,0.0,1.1,0.0,0.0,95.0,1003.9,1003.2237,100.0,60.0,29.0,100.0,24140.0,0.34,0.2761397,1.1190357,1.1,12.496718,16.323528,16.595179,16.831684,221.49637,221.42357,220.60121,221.53168,27.359999,29.6585,28.9585,28.0585,31.5585,32.408497,29.8085,29.3085,0.483,0.472,0.447,0.444,0.388
2025-05-20 10:00:00+00:00,30.3585,78.0,26.090628,36.14394,66.0,0.0,0.4,0.0,0.0,3.0,1003.7,1003.0223,100.0,55.0,19.0,100.0,24140.0,0.28000003,0.19136506,0.95160794,0.4,11.525623,16.135872,16.704155,16.641972,218.65984,218.65984,217.11694,218.85338,24.84,29.3585,28.6585,27.758501,30.4585,31.8085,29.9085,29.3085,0.473,0.468,0.451,0.445,0.388
2025-05-20 11:00:00+00:00,29.7085,81.0,26.097414,35.694954,69.0,0.0,0.4,0.0,0.0,3.0,1003.6,1002.921,100.0,50.0,10.0,100.0,24140.0,0.21000002,0.11493202,0.79178977,0.4,10.1887,15.496736,16.485485,16.179987,212.00534,210.73541,211.60745,212.27562,21.96,28.9585,28.258501,27.3585,29.3585,31.0585,30.008501,29.3085,0.456,0.457,0.454,0.446,0.389
2025-05-20 12:00:00+00:00,29.1085,84.0,26.126888,35.285767,70.0,0.0,0.4,0.0,0.0,3.0,1003.8,1003.1197,100.0,45.0,0.0,100.0,24140.0,0.15,0.05124967,0.6441262,0.4,9.028754,14.986553,16.267857,16.42247,203.49858,204.10223,204.86368,206.0033,19.44,28.5585,27.8585,27.0585,28.508501,30.3585,30.0585,29.3085,0.442,0.447,0.456,0.447,0.389
2025-05-20 13:00:00+00:00,28.6085,87.0,26.230446,34.97836,69.0,0.0,0.0,0.0,0.0,3.0,1004.4,1003.718,100.0,41.0,0.0,100.0,24140.0,0.10000001,0.008816016,0.50843453,0.0,8.209263,14.689589,16.62249,17.654688,195.25517,197.10281,197.6502,200.28264,17.64,28.1585,27.5585,26.758501,28.008501,29.8085,30.0585,29.3085,0.437,0.443,0.454,0.448,0.389
2025-05-20 14:00:00+00:00,28.1585,90.0,26.36146,34.75645,67.0,0.0,0.0,0.0,0.0,3.0,1005.3,1004.6165,100.0,38.0,0.0,100.0,24140.0,0.06,0.0018980186,0.38101935,0.0,7.2805495,14.618837,17.651016,19.386591,188.53069,189.92618,191.76826,195.06854,16.199999,27.758501,27.258501,26.5585,27.758501,29.3585,29.9585,29.3085,0.435,0.44,0.45,0.448,0.39
2025-05-20 15:00:00+00:00,27.8085,92.0,26.388031,34.490063,63.0,0.0,0.0,0.0,0.0,3.0,1005.8,1005.11523,100.0,34.0,0.0,100.0,24140.0,0.03,0.0,0.29866862,0.0,6.8399997,14.440443,17.81909,20.345573,180.0,184.28908,188.13002,193.29858,14.4,27.4585,26.9585,26.3585,27.5585,28.9585,29.9085,29.3085,0.434,0.438,0.447,0.448,0.39
2025-05-20 16:00:00+00:00,27.5585,93.0,26.32364,34.246326,59.0,0.0,0.0,0.0,0.0,3.0,1005.8,1005.1145,100.0,25.0,21.0,100.0,24140.0,0.02,0.0,0.25755405,0.0,6.489992,13.722565,16.808569,19.386591,176.82024,184.5139,189.86574,195.06854,12.599999,27.258501,26.758501,26.258501,27.3585,28.6585,29.8585,29.3085,0.432,0.436,0.445,0.448,0.39
2025-05-20 17:00:00+00:00,27.4585,94.0,26.405691,34.309025,53.0,0.0,0.0,0.0,0.0,3.0,1005.4,1004.7148,100.0,15.0,41.0,100.0,24140.0,0.01,0.0,0.2194736,0.0,5.771239,12.371645,15.542662,17.873554,176.42374,188.3658,193.39252,198.79999,11.159999,27.0585,26.6585,26.1585,27.2085,28.4585,29.758501,29.3085,0.431,0.434,0.443,0.448,0.391
2025-05-20 18:00:00+00:00,27.3085,94.0,26.25686,34.107227,48.0,0.0,0.0,0.0,0.0,3.0,1005.0,1004.3148,100.0,6.0,62.0,100.0,24140.0,0.01,0.0,0.21756029,0.0,5.4119864,11.304229,14.241629,16.645864,176.186,189.16228,196.14441,201.57137,9.36,26.9585,26.5585,26.1585,27.0585,28.3085,29.6585,29.3085,0.43,0.433,0.441,0.448,0.391
2025-05-20 19:00:00+00:00,27.1585,95.0,26.287106,34.077385,42.0,0.0,0.0,0.0,0.0,3.0,1004.5,1003.81445,100.0,12.0,47.0,100.0,24140.0,0.01,0.0,0.17971444,0.0,4.73506,10.464798,13.276144,15.937878,171.25392,183.94511,192.5288,198.43504,9.0,26.8585,26.5585,26.1585,26.8585,28.1585,29.5585,29.3085,0.428,0.431,0.439,0.448,0.391
2025-05-20 20:00:00+00:00,27.008501,96.0,26.31531,34.072517,37.0,0.0,0.0,0.0,0.0,3.0,1004.0,1003.3146,100.0,17.0,31.0,100.0,24140.0,0.01,0.0,0.14251375,0.0,3.8773184,9.3876505,13.039754,15.893093,158.19853,175.60138,186.3401,193.0919,9.0,26.8585,26.6585,26.258501,26.6585,28.008501,29.4585,29.3585,0.427,0.43,0.438,0.448,0.392
2025-05-20 21:00:00+00:00,26.9085,96.0,26.21582,33.928017,32.0,0.0,0.0,0.0,0.0,3.0,1003.7,1003.0148,100.0,23.0,16.0,100.0,24140.0,0.01,0.0,0.14168191,0.0,3.7064266,9.531505,12.959999,15.986595,150.9455,169.11452,180.0,187.76508,8.64,26.8585,26.6585,26.258501,26.6085,27.8585,29.3585,29.3585,0.427,0.43,0.437,0.448,0.392
2025-05-20 22:00:00+00:00,26.8585,96.0,26.166075,33.743114,28.0,0.0,0.4,0.0,0.0,3.0,1003.9,1003.2143,100.0,32.0,11.0,100.0,24140.0,-0.0,0.0,0.14126778,0.4,4.39436,10.483357,13.722565,16.595179,145.0079,164.05453,175.4861,183.73132,9.36,26.758501,26.6585,26.1585,26.7085,27.6585,29.258501,29.3585,0.43,0.433,0.437,0.448,0.392
2025-05-20 23:00:00+00:00,26.8085,96.0,26.116333,33.51198,26.0,0.0,0.4,0.0,0.0,3.0,1004.3,1003.61395,100.0,41.0,5.0,100.0,24140.0,-0.0,0.0,0.14085436,0.4,5.3999996,12.0694,14.830076,17.643673,143.13002,162.64589,174.4279,181.16911,10.08,26.6585,26.5585,26.0585,26.9085,27.508501,29.1585,29.3085,0.435,0.439,0.438,0.447,0.393
